#
# There is insufficient memory for the Java Runtime Environment to continue.
# Native memory allocation (mmap) failed to map 65536 bytes for Failed to commit metaspace.
# Possible reasons:
#   The system is out of physical RAM or swap space
#   The process is running with CompressedOops enabled, and the Java Heap may be blocking the growth of the native heap
# Possible solutions:
#   Reduce memory load on the system
#   Increase physical memory or swap space
#   Check if swap backing store is full
#   Decrease Java heap size (-Xmx/-Xms)
#   Decrease number of Java threads
#   Decrease Java thread stack sizes (-Xss)
#   Set larger code cache with -XX:ReservedCodeCacheSize=
#   JVM is running with Unscaled Compressed Oops mode in which the Java heap is
#     placed in the first 4GB address space. The Java Heap base address is the
#     maximum limit for the native heap growth. Please use -XX:HeapBaseMinAddress
#     to set the Java Heap base and to place the Java Heap above 4GB virtual address.
# This output file may be truncated or incomplete.
#
#  Out of Memory Error (virtualSpaceNode.cpp:112), pid=21756, tid=25528
#
# JRE version: Java(TM) SE Runtime Environment (21.0.5+9) (build 21.0.5+9-LTS-239)
# Java VM: Java HotSpot(TM) 64-Bit Server VM (21.0.5+9-LTS-239, mixed mode, sharing, tiered, compressed oops, compressed class ptrs, g1 gc, windows-amd64)
# No core dump will be written. Minidumps are not enabled by default on client versions of Windows
#

---------------  S U M M A R Y ------------

Command Line: --add-opens=java.base/java.lang=ALL-UNNAMED --add-opens=java.base/java.lang.invoke=ALL-UNNAMED --add-opens=java.base/java.util=ALL-UNNAMED --add-opens=java.prefs/java.util.prefs=ALL-UNNAMED --add-exports=jdk.compiler/com.sun.tools.javac.api=ALL-UNNAMED --add-exports=jdk.compiler/com.sun.tools.javac.util=ALL-UNNAMED --add-opens=java.base/java.util=ALL-UNNAMED --add-opens=java.prefs/java.util.prefs=ALL-UNNAMED --add-opens=java.base/java.nio.charset=ALL-UNNAMED --add-opens=java.base/java.net=ALL-UNNAMED --add-opens=java.base/java.util.concurrent.atomic=ALL-UNNAMED --add-opens=java.xml/javax.xml.namespace=ALL-UNNAMED -XX:MaxMetaspaceSize=384m -XX:+HeapDumpOnOutOfMemoryError -Xms256m -Xmx512m -Dfile.encoding=UTF-8 -Duser.country=US -Duser.language=en -Duser.variant -javaagent:C:\Users\user\.gradle\wrapper\dists\gradle-8.14.3-bin\cv11ve7ro1n3o1j4so8xd9n66\gradle-8.14.3\lib\agents\gradle-instrumentation-agent-8.14.3.jar org.gradle.launcher.daemon.bootstrap.GradleDaemon 8.14.3

Host: 13th Gen Intel(R) Core(TM) i5-13420H, 12 cores, 15G,  Windows 11 , 64 bit Build 26100 (10.0.26100.7309)
Time: Sun Dec 14 16:45:47 2025 Azerbaijan Standard Time elapsed time: 7.342575 seconds (0d 0h 0m 7s)

---------------  T H R E A D  ---------------

Current thread (0x0000022e7c19fd20):  JavaThread "Daemon worker"        [_thread_in_vm, id=25528, stack(0x0000004cbbf00000,0x0000004cbc000000) (1024K)]

Stack: [0x0000004cbbf00000,0x0000004cbc000000]
Native frames: (J=compiled Java code, j=interpreted, Vv=VM code, C=native code)
V  [jvm.dll+0x6ca289]
V  [jvm.dll+0x854a51]
V  [jvm.dll+0x856f7e]
V  [jvm.dll+0x857653]
V  [jvm.dll+0x27dd26]
V  [jvm.dll+0x85066e]
V  [jvm.dll+0x66dfd5]
V  [jvm.dll+0x1e3efc]
V  [jvm.dll+0x1e3cce]
V  [jvm.dll+0x670903]
V  [jvm.dll+0x670722]
V  [jvm.dll+0x66e9ae]
V  [jvm.dll+0x2681cf]
V  [jvm.dll+0x678d25]
V  [jvm.dll+0x214c91]
V  [jvm.dll+0x21511a]
V  [jvm.dll+0x215b41]
V  [jvm.dll+0x20afde]
V  [jvm.dll+0x5aceac]
V  [jvm.dll+0x7cece6]
V  [jvm.dll+0x470806]
V  [jvm.dll+0x476688]
C  [java.dll+0x17ec]

Java frames: (J=compiled Java code, j=interpreted, Vv=VM code)
J 862  java.lang.ClassLoader.defineClass1(Ljava/lang/ClassLoader;Ljava/lang/String;[BIILjava/security/ProtectionDomain;Ljava/lang/String;)Ljava/lang/Class; java.base@21.0.5 (0 bytes) @ 0x0000022e07b319f1 [0x0000022e07b31920+0x00000000000000d1]
J 1550 c1 java.lang.ClassLoader.defineClass(Ljava/lang/String;[BIILjava/security/ProtectionDomain;)Ljava/lang/Class; java.base@21.0.5 (43 bytes) @ 0x0000022e002eebfc [0x0000022e002ee8a0+0x000000000000035c]
J 1527 c1 java.security.SecureClassLoader.defineClass(Ljava/lang/String;[BIILjava/security/CodeSource;)Ljava/lang/Class; java.base@21.0.5 (16 bytes) @ 0x0000022e002e2d9c [0x0000022e002e2cc0+0x00000000000000dc]
J 1522 c1 java.net.URLClassLoader.defineClass(Ljava/lang/String;Ljdk/internal/loader/Resource;)Ljava/lang/Class; java.base@21.0.5 (224 bytes) @ 0x0000022e002ded84 [0x0000022e002dd600+0x0000000000001784]
J 959 c1 java.net.URLClassLoader$1.run()Ljava/lang/Class; java.base@21.0.5 (81 bytes) @ 0x0000022e0019c41c [0x0000022e0019b7c0+0x0000000000000c5c]
J 911 c1 java.net.URLClassLoader$1.run()Ljava/lang/Object; java.base@21.0.5 (5 bytes) @ 0x0000022e0018acd4 [0x0000022e0018ac40+0x0000000000000094]
J 759 c1 java.security.AccessController.doPrivileged(Ljava/security/PrivilegedExceptionAction;Ljava/security/AccessControlContext;)Ljava/lang/Object; java.base@21.0.5 (26 bytes) @ 0x0000022e0013ee94 [0x0000022e0013eca0+0x00000000000001f4]
J 909 c1 java.net.URLClassLoader.findClass(Ljava/lang/String;)Ljava/lang/Class; java.base@21.0.5 (47 bytes) @ 0x0000022e00189f24 [0x0000022e00189d80+0x00000000000001a4]
J 863 c1 java.lang.ClassLoader.loadClass(Ljava/lang/String;Z)Ljava/lang/Class; java.base@21.0.5 (121 bytes) @ 0x0000022e0016f044 [0x0000022e0016ea60+0x00000000000005e4]
J 882 c1 java.lang.ClassLoader.loadClass(Ljava/lang/String;)Ljava/lang/Class; java.base@21.0.5 (7 bytes) @ 0x0000022e0017c6d4 [0x0000022e0017c5c0+0x0000000000000114]
v  ~StubRoutines::call_stub 0x0000022e0753100d
J 862  java.lang.ClassLoader.defineClass1(Ljava/lang/ClassLoader;Ljava/lang/String;[BIILjava/security/ProtectionDomain;Ljava/lang/String;)Ljava/lang/Class; java.base@21.0.5 (0 bytes) @ 0x0000022e07b319f1 [0x0000022e07b31920+0x00000000000000d1]
J 1550 c1 java.lang.ClassLoader.defineClass(Ljava/lang/String;[BIILjava/security/ProtectionDomain;)Ljava/lang/Class; java.base@21.0.5 (43 bytes) @ 0x0000022e002eebfc [0x0000022e002ee8a0+0x000000000000035c]
J 1527 c1 java.security.SecureClassLoader.defineClass(Ljava/lang/String;[BIILjava/security/CodeSource;)Ljava/lang/Class; java.base@21.0.5 (16 bytes) @ 0x0000022e002e2d9c [0x0000022e002e2cc0+0x00000000000000dc]
J 1522 c1 java.net.URLClassLoader.defineClass(Ljava/lang/String;Ljdk/internal/loader/Resource;)Ljava/lang/Class; java.base@21.0.5 (224 bytes) @ 0x0000022e002ded84 [0x0000022e002dd600+0x0000000000001784]
J 959 c1 java.net.URLClassLoader$1.run()Ljava/lang/Class; java.base@21.0.5 (81 bytes) @ 0x0000022e0019c41c [0x0000022e0019b7c0+0x0000000000000c5c]
J 911 c1 java.net.URLClassLoader$1.run()Ljava/lang/Object; java.base@21.0.5 (5 bytes) @ 0x0000022e0018acd4 [0x0000022e0018ac40+0x0000000000000094]
J 759 c1 java.security.AccessController.doPrivileged(Ljava/security/PrivilegedExceptionAction;Ljava/security/AccessControlContext;)Ljava/lang/Object; java.base@21.0.5 (26 bytes) @ 0x0000022e0013ee94 [0x0000022e0013eca0+0x00000000000001f4]
J 909 c1 java.net.URLClassLoader.findClass(Ljava/lang/String;)Ljava/lang/Class; java.base@21.0.5 (47 bytes) @ 0x0000022e00189f24 [0x0000022e00189d80+0x00000000000001a4]
J 863 c1 java.lang.ClassLoader.loadClass(Ljava/lang/String;Z)Ljava/lang/Class; java.base@21.0.5 (121 bytes) @ 0x0000022e0016f044 [0x0000022e0016ea60+0x00000000000005e4]
J 882 c1 java.lang.ClassLoader.loadClass(Ljava/lang/String;)Ljava/lang/Class; java.base@21.0.5 (7 bytes) @ 0x0000022e0017c6d4 [0x0000022e0017c5c0+0x0000000000000114]
v  ~StubRoutines::call_stub 0x0000022e0753100d
J 862  java.lang.ClassLoader.defineClass1(Ljava/lang/ClassLoader;Ljava/lang/String;[BIILjava/security/ProtectionDomain;Ljava/lang/String;)Ljava/lang/Class; java.base@21.0.5 (0 bytes) @ 0x0000022e07b319f1 [0x0000022e07b31920+0x00000000000000d1]
J 1550 c1 java.lang.ClassLoader.defineClass(Ljava/lang/String;[BIILjava/security/ProtectionDomain;)Ljava/lang/Class; java.base@21.0.5 (43 bytes) @ 0x0000022e002eebfc [0x0000022e002ee8a0+0x000000000000035c]
J 1527 c1 java.security.SecureClassLoader.defineClass(Ljava/lang/String;[BIILjava/security/CodeSource;)Ljava/lang/Class; java.base@21.0.5 (16 bytes) @ 0x0000022e002e2d9c [0x0000022e002e2cc0+0x00000000000000dc]
J 1522 c1 java.net.URLClassLoader.defineClass(Ljava/lang/String;Ljdk/internal/loader/Resource;)Ljava/lang/Class; java.base@21.0.5 (224 bytes) @ 0x0000022e002ded84 [0x0000022e002dd600+0x0000000000001784]
J 959 c1 java.net.URLClassLoader$1.run()Ljava/lang/Class; java.base@21.0.5 (81 bytes) @ 0x0000022e0019c41c [0x0000022e0019b7c0+0x0000000000000c5c]
J 911 c1 java.net.URLClassLoader$1.run()Ljava/lang/Object; java.base@21.0.5 (5 bytes) @ 0x0000022e0018acd4 [0x0000022e0018ac40+0x0000000000000094]
J 759 c1 java.security.AccessController.doPrivileged(Ljava/security/PrivilegedExceptionAction;Ljava/security/AccessControlContext;)Ljava/lang/Object; java.base@21.0.5 (26 bytes) @ 0x0000022e0013ee94 [0x0000022e0013eca0+0x00000000000001f4]
J 909 c1 java.net.URLClassLoader.findClass(Ljava/lang/String;)Ljava/lang/Class; java.base@21.0.5 (47 bytes) @ 0x0000022e00189f24 [0x0000022e00189d80+0x00000000000001a4]
J 863 c1 java.lang.ClassLoader.loadClass(Ljava/lang/String;Z)Ljava/lang/Class; java.base@21.0.5 (121 bytes) @ 0x0000022e0016f044 [0x0000022e0016ea60+0x00000000000005e4]
J 882 c1 java.lang.ClassLoader.loadClass(Ljava/lang/String;)Ljava/lang/Class; java.base@21.0.5 (7 bytes) @ 0x0000022e0017c6d4 [0x0000022e0017c5c0+0x0000000000000114]
v  ~StubRoutines::call_stub 0x0000022e0753100d
j  org.gradle.internal.instantiation.generator.AsmBackedClassGenerator$ClassBuilderImpl.lambda$generateInitMethod$3(Lorg/objectweb/asm/MethodVisitor;)V+0
j  org.gradle.internal.instantiation.generator.AsmBackedClassGenerator$ClassBuilderImpl$$Lambda+0x0000022e101d71e0.emit(Lorg/objectweb/asm/MethodVisitor;)V+5
j  org.gradle.model.internal.asm.ClassVisitorScope.addMethod(ILjava/lang/String;Ljava/lang/String;Ljava/lang/String;Lorg/gradle/model/internal/asm/BytecodeFragment;)V+16
j  org.gradle.model.internal.asm.ClassVisitorScope.privateSyntheticMethod(Ljava/lang/String;Ljava/lang/String;Lorg/gradle/model/internal/asm/BytecodeFragment;)V+8
j  org.gradle.internal.instantiation.generator.AsmBackedClassGenerator$ClassBuilderImpl.generateInitMethod()V+35
j  org.gradle.internal.instantiation.generator.AsmBackedClassGenerator$ClassBuilderImpl.startClass()V+230
j  org.gradle.internal.instantiation.generator.AsmBackedClassGenerator$ClassInspectionVisitorImpl.builder()Lorg/gradle/internal/instantiation/generator/AbstractClassGenerator$ClassGenerationVisitor;+242
j  org.gradle.internal.instantiation.generator.AbstractClassGenerator.generateUnderLock(Ljava/lang/Class;)Lorg/gradle/internal/instantiation/generator/AbstractClassGenerator$GeneratedClassImpl;+409
j  org.gradle.internal.instantiation.generator.AbstractClassGenerator$$Lambda+0x0000022e101c1fd8.apply(Ljava/lang/Object;)Ljava/lang/Object;+8
j  org.gradle.cache.internal.DefaultCrossBuildInMemoryCacheFactory$AbstractCrossBuildInMemoryCache.produce(Ljava/util/function/Function;Ljava/lang/Object;)Ljava/lang/Object;+2
j  org.gradle.cache.internal.DefaultCrossBuildInMemoryCacheFactory$AbstractCrossBuildInMemoryCache.produceAndRetain(Ljava/util/function/Function;Ljava/lang/Object;)Ljava/lang/Object;+3
j  org.gradle.cache.internal.DefaultCrossBuildInMemoryCacheFactory$AbstractCrossBuildInMemoryCache.lambda$get$1(Ljava/util/function/Function;Ljava/lang/Object;)Ljava/lang/Object;+3
j  org.gradle.cache.internal.DefaultCrossBuildInMemoryCacheFactory$AbstractCrossBuildInMemoryCache$$Lambda+0x0000022e101c1598.get()Ljava/lang/Object;+12
j  org.gradle.internal.lazy.LockingLazy.get()Ljava/lang/Object;+22
j  org.gradle.cache.internal.DefaultCrossBuildInMemoryCacheFactory$AbstractCrossBuildInMemoryCache.get(Ljava/lang/Object;Ljava/util/function/Function;)Ljava/lang/Object;+18
j  org.gradle.internal.instantiation.generator.AbstractClassGenerator.generate(Ljava/lang/Class;)Lorg/gradle/internal/instantiation/generator/ClassGenerator$GeneratedClass;+14
j  org.gradle.internal.instantiation.generator.AsmBackedClassGenerator.generate(Ljava/lang/Class;)Lorg/gradle/internal/instantiation/generator/ClassGenerator$GeneratedClass;+2
j  org.gradle.internal.instantiation.generator.Jsr330ConstructorSelector.lambda$forType$0(Ljava/lang/Class;)Lorg/gradle/internal/instantiation/generator/Jsr330ConstructorSelector$CachedConstructor;+9
j  org.gradle.internal.instantiation.generator.Jsr330ConstructorSelector$$Lambda+0x0000022e101c1148.get()Ljava/lang/Object;+8
j  org.gradle.cache.Cache.lambda$get$0(Ljava/util/function/Supplier;Ljava/lang/Object;)Ljava/lang/Object;+1
j  org.gradle.cache.Cache$$Lambda+0x0000022e1010d5f0.apply(Ljava/lang/Object;)Ljava/lang/Object;+5
j  org.gradle.cache.internal.DefaultCrossBuildInMemoryCacheFactory$AbstractCrossBuildInMemoryCache.produce(Ljava/util/function/Function;Ljava/lang/Object;)Ljava/lang/Object;+2
j  org.gradle.cache.internal.DefaultCrossBuildInMemoryCacheFactory$AbstractCrossBuildInMemoryCache.produceAndRetain(Ljava/util/function/Function;Ljava/lang/Object;)Ljava/lang/Object;+3
j  org.gradle.cache.internal.DefaultCrossBuildInMemoryCacheFactory$AbstractCrossBuildInMemoryCache.lambda$get$1(Ljava/util/function/Function;Ljava/lang/Object;)Ljava/lang/Object;+3
j  org.gradle.cache.internal.DefaultCrossBuildInMemoryCacheFactory$AbstractCrossBuildInMemoryCache$$Lambda+0x0000022e101c1598.get()Ljava/lang/Object;+12
j  org.gradle.internal.lazy.LockingLazy.get()Ljava/lang/Object;+22
j  org.gradle.cache.internal.DefaultCrossBuildInMemoryCacheFactory$AbstractCrossBuildInMemoryCache.get(Ljava/lang/Object;Ljava/util/function/Function;)Ljava/lang/Object;+18
j  org.gradle.cache.Cache.get(Ljava/lang/Object;Ljava/util/function/Supplier;)Ljava/lang/Object;+8
j  org.gradle.internal.instantiation.generator.Jsr330ConstructorSelector.forType(Ljava/lang/Class;)Lorg/gradle/internal/instantiation/generator/ClassGenerator$GeneratedConstructor;+12
j  org.gradle.internal.instantiation.generator.Jsr330ConstructorSelector.forParams(Ljava/lang/Class;[Ljava/lang/Object;)Lorg/gradle/internal/instantiation/generator/ClassGenerator$GeneratedConstructor;+2
j  org.gradle.internal.instantiation.generator.DependencyInjectingInstantiator.doCreate(Ljava/lang/Class;Lorg/gradle/api/Describable;[Ljava/lang/Object;)Ljava/lang/Object;+6
j  org.gradle.internal.instantiation.generator.DependencyInjectingInstantiator.newInstance(Ljava/lang/Class;[Ljava/lang/Object;)Ljava/lang/Object;+4
j  org.gradle.api.internal.model.DefaultObjectFactory.newInstance(Ljava/lang/Class;[Ljava/lang/Object;)Ljava/lang/Object;+6
j  org.gradle.internal.service.scopes.GradleUserHomeScopeServices.createCachesConfiguration(Lorg/gradle/api/model/ObjectFactory;Lorg/gradle/cache/internal/LegacyCacheCleanupEnablement;)Lorg/gradle/api/internal/cache/CacheConfigurationsInternal;+12
j  java.lang.invoke.LambdaForm$DMH+0x0000022e10094c00.invokeVirtual(Ljava/lang/Object;Ljava/lang/Object;Ljava/lang/Object;Ljava/lang/Object;)Ljava/lang/Object;+14 java.base@21.0.5
j  java.lang.invoke.LambdaForm$MH+0x0000022e100d8800.invoke(Ljava/lang/Object;Ljava/lang/Object;Ljava/lang/Object;Ljava/lang/Object;)Ljava/lang/Object;+73 java.base@21.0.5
J 2152 c1 jdk.internal.reflect.DirectMethodHandleAccessor.invoke(Ljava/lang/Object;[Ljava/lang/Object;)Ljava/lang/Object; java.base@21.0.5 (92 bytes) @ 0x0000022e0041feb4 [0x0000022e0041e8c0+0x00000000000015f4]
J 2151 c1 java.lang.reflect.Method.invoke(Ljava/lang/Object;[Ljava/lang/Object;)Ljava/lang/Object; java.base@21.0.5 (108 bytes) @ 0x0000022e0041dffc [0x0000022e0041dac0+0x000000000000053c]
j  org.gradle.internal.reflect.JavaMethod.invoke(Ljava/lang/Object;[Ljava/lang/Object;)Ljava/lang/Object;+6
j  org.gradle.internal.service.ReflectionBasedServiceMethod.invoke(Ljava/lang/Object;[Ljava/lang/Object;)Ljava/lang/Object;+6
j  org.gradle.internal.service.DefaultServiceRegistry$FactoryMethodService.invokeMethod([Ljava/lang/Object;)Ljava/lang/Object;+28
j  org.gradle.internal.service.DefaultServiceRegistry$FactoryService.createServiceInstance()Ljava/lang/Object;+7
j  org.gradle.internal.service.DefaultServiceRegistry$FactoryMethodService.createServiceInstance()Ljava/lang/Object;+1
j  org.gradle.internal.service.DefaultServiceRegistry$ManagedObjectServiceProvider.getInstance()Ljava/lang/Object;+24
j  org.gradle.internal.service.DefaultServiceRegistry$SingletonService.get()Ljava/lang/Object;+1
j  org.gradle.internal.service.DefaultServiceRegistry.applyConfigureMethod(Lorg/gradle/internal/service/ServiceAccessToken;Lorg/gradle/internal/service/ServiceMethod;Ljava/lang/Object;)V+130
j  org.gradle.internal.service.DefaultServiceRegistry.findProviderMethods(Lorg/gradle/internal/service/ServiceRegistrationProvider;Lorg/gradle/internal/service/ServiceAccessToken;)V+215
j  org.gradle.internal.service.DefaultServiceRegistry.addProvider(Lorg/gradle/internal/service/ServiceRegistrationProvider;)Lorg/gradle/internal/service/DefaultServiceRegistry;+18
j  org.gradle.internal.service.DefaultServiceRegistry$1.addProvider(Lorg/gradle/internal/service/ServiceRegistrationProvider;)V+5
j  org.gradle.internal.service.scopes.GradleUserHomeScopeServices.configure(Lorg/gradle/internal/service/ServiceRegistration;)V+13
j  java.lang.invoke.DirectMethodHandle$Holder.invokeVirtual(Ljava/lang/Object;Ljava/lang/Object;Ljava/lang/Object;)V+11 java.base@21.0.5
j  java.lang.invoke.LambdaForm$MH+0x0000022e10036000.invoke(Ljava/lang/Object;Ljava/lang/Object;)Ljava/lang/Object;+39 java.base@21.0.5
j  java.lang.invoke.LambdaForm$MH+0x0000022e10035800.invoke(Ljava/lang/Object;Ljava/lang/Object;Ljava/lang/Object;)Ljava/lang/Object;+45 java.base@21.0.5
j  java.lang.invoke.Invokers$Holder.invokeExact_MT(Ljava/lang/Object;Ljava/lang/Object;Ljava/lang/Object;Ljava/lang/Object;)Ljava/lang/Object;+20 java.base@21.0.5
j  java.lang.invoke.MethodHandle.invokeWithArguments([Ljava/lang/Object;)Ljava/lang/Object;+28 java.base@21.0.5
j  org.gradle.internal.service.MethodHandleBasedServiceMethod.invoke(Ljava/lang/Object;[Ljava/lang/Object;)Ljava/lang/Object;+9
j  org.gradle.internal.service.DefaultServiceRegistry.applyConfigureMethod(Lorg/gradle/internal/service/ServiceAccessToken;Lorg/gradle/internal/service/ServiceMethod;Ljava/lang/Object;)V+146
j  org.gradle.internal.service.DefaultServiceRegistry.findProviderMethods(Lorg/gradle/internal/service/ServiceRegistrationProvider;Lorg/gradle/internal/service/ServiceAccessToken;)V+215
j  org.gradle.internal.service.DefaultServiceRegistry.addProvider(Lorg/gradle/internal/service/ServiceRegistrationProvider;)Lorg/gradle/internal/service/DefaultServiceRegistry;+18
j  org.gradle.internal.service.ServiceRegistryBuilder.build()Lorg/gradle/internal/service/CloseableServiceRegistry;+93
j  org.gradle.internal.service.scopes.DefaultGradleUserHomeScopeServiceRegistry.getServicesFor(Ljava/io/File;)Lorg/gradle/internal/service/ServiceRegistry;+152
j  org.gradle.internal.session.BuildSessionState.<init>(Lorg/gradle/internal/service/scopes/GradleUserHomeScopeServiceRegistry;Lorg/gradle/internal/session/CrossBuildSessionState;Lorg/gradle/api/internal/StartParameterInternal;Lorg/gradle/initialization/BuildRequestMetaData;Lorg/gradle/internal/classpath/ClassPath;Lorg/gradle/initialization/BuildCancellationToken;Lorg/gradle/initialization/BuildClientMetaData;Lorg/gradle/initialization/BuildEventConsumer;)V+15
j  org.gradle.internal.buildprocess.execution.BuildSessionLifecycleBuildActionExecutor.execute(Lorg/gradle/internal/invocation/BuildAction;Lorg/gradle/launcher/exec/BuildActionParameters;Lorg/gradle/initialization/BuildRequestContext;)Lorg/gradle/launcher/exec/BuildActionResult;+86
j  org.gradle.internal.buildprocess.execution.BuildSessionLifecycleBuildActionExecutor.execute(Lorg/gradle/internal/invocation/BuildAction;Ljava/lang/Object;Ljava/lang/Object;)Lorg/gradle/launcher/exec/BuildActionResult;+10
j  org.gradle.internal.buildprocess.execution.StartParamsValidatingActionExecutor.execute(Lorg/gradle/internal/invocation/BuildAction;Lorg/gradle/launcher/exec/BuildActionParameters;Lorg/gradle/initialization/BuildRequestContext;)Lorg/gradle/launcher/exec/BuildActionResult;+203
j  org.gradle.internal.buildprocess.execution.StartParamsValidatingActionExecutor.execute(Lorg/gradle/internal/invocation/BuildAction;Ljava/lang/Object;Ljava/lang/Object;)Lorg/gradle/launcher/exec/BuildActionResult;+10
j  org.gradle.internal.buildprocess.execution.SessionFailureReportingActionExecutor.execute(Lorg/gradle/internal/invocation/BuildAction;Lorg/gradle/launcher/exec/BuildActionParameters;Lorg/gradle/initialization/BuildRequestContext;)Lorg/gradle/launcher/exec/BuildActionResult;+7
j  org.gradle.internal.buildprocess.execution.SessionFailureReportingActionExecutor.execute(Lorg/gradle/internal/invocation/BuildAction;Ljava/lang/Object;Ljava/lang/Object;)Lorg/gradle/launcher/exec/BuildActionResult;+10
j  org.gradle.internal.buildprocess.execution.SetupLoggingActionExecutor.execute(Lorg/gradle/internal/invocation/BuildAction;Lorg/gradle/launcher/exec/BuildActionParameters;Lorg/gradle/initialization/BuildRequestContext;)Lorg/gradle/launcher/exec/BuildActionResult;+50
j  org.gradle.internal.buildprocess.execution.SetupLoggingActionExecutor.execute(Lorg/gradle/internal/invocation/BuildAction;Ljava/lang/Object;Ljava/lang/Object;)Lorg/gradle/launcher/exec/BuildActionResult;+10
j  org.gradle.launcher.daemon.server.exec.ExecuteBuild.doBuild(Lorg/gradle/launcher/daemon/server/api/DaemonCommandExecution;Lorg/gradle/launcher/daemon/protocol/Build;)V+147
j  org.gradle.launcher.daemon.server.exec.BuildCommandOnly.execute(Lorg/gradle/launcher/daemon/server/api/DaemonCommandExecution;)V+49
j  org.gradle.launcher.daemon.server.api.DaemonCommandExecution.proceed()Z+23
j  org.gradle.launcher.daemon.server.exec.WatchForDisconnection.execute(Lorg/gradle/launcher/daemon/server/api/DaemonCommandExecution;)V+19
j  org.gradle.launcher.daemon.server.api.DaemonCommandExecution.proceed()Z+23
j  org.gradle.launcher.daemon.server.exec.ResetDeprecationLogger.execute(Lorg/gradle/launcher/daemon/server/api/DaemonCommandExecution;)V+7
j  org.gradle.launcher.daemon.server.api.DaemonCommandExecution.proceed()Z+23
j  org.gradle.launcher.daemon.server.exec.RequestStopIfSingleUsedDaemon.execute(Lorg/gradle/launcher/daemon/server/api/DaemonCommandExecution;)V+33
j  org.gradle.launcher.daemon.server.api.DaemonCommandExecution.proceed()Z+23
j  org.gradle.launcher.daemon.server.exec.ForwardClientInput.lambda$execute$0(Lorg/gradle/launcher/daemon/server/api/DaemonCommandExecution;Lorg/gradle/internal/daemon/clientinput/StdinHandler;)Ljava/lang/Object;+11
j  org.gradle.launcher.daemon.server.exec.ForwardClientInput$$Lambda+0x0000022e10189608.apply(Ljava/lang/Object;)Ljava/lang/Object;+8
j  org.gradle.internal.daemon.clientinput.ClientInputForwarder.forwardInput(Ljava/util/function/Function;)Ljava/lang/Object;+46
j  org.gradle.launcher.daemon.server.exec.ForwardClientInput.execute(Lorg/gradle/launcher/daemon/server/api/DaemonCommandExecution;)V+10
j  org.gradle.launcher.daemon.server.api.DaemonCommandExecution.proceed()Z+23
j  org.gradle.launcher.daemon.server.exec.LogAndCheckHealth.execute(Lorg/gradle/launcher/daemon/server/api/DaemonCommandExecution;)V+51
j  org.gradle.launcher.daemon.server.api.DaemonCommandExecution.proceed()Z+23
j  org.gradle.launcher.daemon.server.exec.LogToClient.doBuild(Lorg/gradle/launcher/daemon/server/api/DaemonCommandExecution;Lorg/gradle/launcher/daemon/protocol/Build;)V+87
j  org.gradle.launcher.daemon.server.exec.BuildCommandOnly.execute(Lorg/gradle/launcher/daemon/server/api/DaemonCommandExecution;)V+49
j  org.gradle.launcher.daemon.server.api.DaemonCommandExecution.proceed()Z+23
j  org.gradle.launcher.daemon.server.exec.EstablishBuildEnvironment.doBuild(Lorg/gradle/launcher/daemon/server/api/DaemonCommandExecution;Lorg/gradle/launcher/daemon/protocol/Build;)V+356
j  org.gradle.launcher.daemon.server.exec.BuildCommandOnly.execute(Lorg/gradle/launcher/daemon/server/api/DaemonCommandExecution;)V+49
j  org.gradle.launcher.daemon.server.api.DaemonCommandExecution.proceed()Z+23
j  org.gradle.launcher.daemon.server.exec.StartBuildOrRespondWithBusy$1.run()V+44
j  org.gradle.launcher.daemon.server.DaemonStateCoordinator.lambda$runCommand$0(Ljava/lang/Runnable;)V+1
j  org.gradle.launcher.daemon.server.DaemonStateCoordinator$$Lambda+0x0000022e10188228.run()V+8
j  org.gradle.internal.concurrent.ExecutorPolicy$CatchAndRecordFailures.onExecute(Ljava/lang/Runnable;)V+1
j  org.gradle.internal.concurrent.AbstractManagedExecutor$1.run()V+25
j  java.util.concurrent.ThreadPoolExecutor.runWorker(Ljava/util/concurrent/ThreadPoolExecutor$Worker;)V+92 java.base@21.0.5
j  java.util.concurrent.ThreadPoolExecutor$Worker.run()V+5 java.base@21.0.5
j  java.lang.Thread.runWith(Ljava/lang/Object;Ljava/lang/Runnable;)V+5 java.base@21.0.5
j  java.lang.Thread.run()V+19 java.base@21.0.5
v  ~StubRoutines::call_stub 0x0000022e0753100d

Compiled method (n/a)    7385  862     n 0       java.lang.ClassLoader::defineClass1 (native)
 total in heap  [0x0000022e07b31790,0x0000022e07b31dd0] = 1600
 relocation     [0x0000022e07b318e8,0x0000022e07b31920] = 56
 main code      [0x0000022e07b31920,0x0000022e07b31dcf] = 1199
 stub code      [0x0000022e07b31dcf,0x0000022e07b31dd0] = 1

[Constant Pool (empty)]

[MachCode]
[Entry Point]
  # {method} {0x0000022e0f43a770} 'defineClass1' '(Ljava/lang/ClassLoader;Ljava/lang/String;[BIILjava/security/ProtectionDomain;Ljava/lang/String;)Ljava/lang/Class;' in 'java/lang/ClassLoader'
  # parm0:    rdx:rdx   = 'java/lang/ClassLoader'
  # parm1:    r8:r8     = 'java/lang/String'
  # parm2:    r9:r9     = '[B'
  # parm3:    rdi       = int
  # parm4:    rsi       = int
  # parm5:    rcx:rcx   = 'java/security/ProtectionDomain'
  # parm6:    [sp+0xa0]   = 'java/lang/String'  (sp of caller)
  0x0000022e07b31920: 448b 5208 | 49bb 0000 | 000f 2e02 | 0000 4d03 | d349 3bc2 | 0f84 0600 

  0x0000022e07b31938: ;   {runtime_call ic_miss_stub}
  0x0000022e07b31938: 0000 e941 | cea4 ff90 
[Verified Entry Point]
  0x0000022e07b31940: 8984 2400 | 80ff ff55 | 488b ec48 | 81ec 9000 | 0000 6690 | 4181 7f20 | 0100 0000 

  0x0000022e07b3195c: ;   {runtime_call StubRoutines (final stubs)}
  0x0000022e07b3195c: 7405 e8fd | 33a3 ff48 | 837d 1000 | 488d 4510 | 480f 4445 | 1048 8944 | 2440 4889 | 4c24 7048 
  0x0000022e07b3197c: 83f9 0048 | 8d44 2470 | 480f 4444 | 2470 4889 | 4424 3848 | 8974 2430 | 4889 7c24 | 284c 894c 
  0x0000022e07b3199c: 2458 4983 | f900 488d | 4424 5848 | 0f44 4424 | 5848 8944 | 2420 4c89 | 4424 5049 | 83f8 004c 
  0x0000022e07b319bc: 8d4c 2450 | 4c0f 444c | 2450 4889 | 5424 4848 | 83fa 004c | 8d44 2448 | 4c0f 4444 

  0x0000022e07b319d8: ;   {oop(a 'java/lang/Class'{0x00000000e05b2940} = 'java/lang/ClassLoader')}
  0x0000022e07b319d8: 2448 49be | 4029 5be0 | 0000 0000 | 4c89 7424 | 784c 8d74 | 2478 498b | d6c5 f877 

  0x0000022e07b319f4: ;   {internal_word}
  0x0000022e07b319f4: 49ba f119 | b307 2e02 | 0000 4d89 | 97a0 0300 | 0049 89a7 | 9803 0000 

  0x0000022e07b31a0c: ;   {external_word}
  0x0000022e07b31a0c: 49ba e037 | 1131 fb7f | 0000 4180 | 3a00 0f84 | 4e00 0000 | 5241 5041 

  0x0000022e07b31a24: ;   {metadata({method} {0x0000022e0f43a770} 'defineClass1' '(Ljava/lang/ClassLoader;Ljava/lang/String;[BIILjava/security/ProtectionDomain;Ljava/lang/String;)Ljava/lang/Class;' in 'java/lang/ClassLoader')}
  0x0000022e07b31a24: 5148 ba68 | a743 0f2e | 0200 0049 | 8bcf 4883 | ec20 40f6 | c40f 0f84 | 1900 0000 | 4883 ec08 
  0x0000022e07b31a44: ;   {runtime_call}
  0x0000022e07b31a44: 48b8 3001 | c230 fb7f | 0000 ffd0 | 4883 c408 | e90c 0000 

  0x0000022e07b31a58: ;   {runtime_call}
  0x0000022e07b31a58: 0048 b830 | 01c2 30fb | 7f00 00ff | d048 83c4 | 2041 5941 | 585a 498d | 8fb8 0300 | 0041 c787 
  0x0000022e07b31a78: 4404 0000 | 0400 0000 

  0x0000022e07b31a80: ;   {runtime_call}
  0x0000022e07b31a80: 48b8 ac16 | d27b fb7f | 0000 ffd0 | c5f8 7741 | c787 4404 | 0000 0500 | 0000 f083 | 4424 c000 
  0x0000022e07b31aa0: 493b af48 | 0400 000f | 870e 0000 | 0041 83bf | 4004 0000 | 000f 842b | 0000 00c5 | f877 4889 
  0x0000022e07b31ac0: 45f8 498b | cf4c 8be4 | 4883 ec20 | 4883 e4f0 

  0x0000022e07b31ad0: ;   {runtime_call}
  0x0000022e07b31ad0: 48b8 b0ae | 8d30 fb7f | 0000 ffd0 | 498b e44d | 33e4 488b | 45f8 41c7 | 8744 0400 | 0008 0000 
  0x0000022e07b31af0: 0041 83bf | c004 0000 | 020f 84a3 

  0x0000022e07b31afc: ;   {external_word}
  0x0000022e07b31afc: 0200 0049 | bae0 3711 | 31fb 7f00 | 0041 803a | 000f 844c | 0000 0048 

  0x0000022e07b31b14: ;   {metadata({method} {0x0000022e0f43a770} 'defineClass1' '(Ljava/lang/ClassLoader;Ljava/lang/String;[BIILjava/security/ProtectionDomain;Ljava/lang/String;)Ljava/lang/Class;' in 'java/lang/ClassLoader')}
  0x0000022e07b31b14: 8945 f848 | ba68 a743 | 0f2e 0200 | 0049 8bcf | 4883 ec20 | 40f6 c40f | 0f84 1900 | 0000 4883 
  0x0000022e07b31b34: ;   {runtime_call}
  0x0000022e07b31b34: ec08 48b8 | 3001 c230 | fb7f 0000 | ffd0 4883 | c408 e90c 

  0x0000022e07b31b48: ;   {runtime_call}
  0x0000022e07b31b48: 0000 0048 | b830 01c2 | 30fb 7f00 | 00ff d048 | 83c4 2048 | 8b45 f849 | c787 9803 | 0000 0000 
  0x0000022e07b31b68: 0000 49c7 | 87a0 0300 | 0000 0000 | 00c5 f877 | 4885 c00f | 84fe 0100 | 00a8 030f | 8508 0000 
  0x0000022e07b31b88: 0048 8b00 | e9ee 0100 | 00a8 010f | 8509 0000 | 0048 8b40 | fee9 dd01 | 0000 488b | 40ff 4180 
  0x0000022e07b31ba8: 7f40 000f | 84ce 0100 | 0048 83f8 | 000f 84c4 | 0100 0049 | 8b4f 2848 | 83f9 000f | 8414 0000 
  0x0000022e07b31bc8: 0048 83e9 | 0849 894f | 2849 034f | 3848 8901 | e9a2 0100 | 0048 81ec | d000 0000 | 4889 0424 
  0x0000022e07b31be8: 4889 4c24 | 0848 8954 | 2410 4889 | 7424 1848 | 897c 2420 | 4c89 4424 | 284c 894c | 2430 4c89 
  0x0000022e07b31c08: 5424 384c | 895c 2440 | c5fb 1144 | 2450 c5fb | 114c 2458 | c5fb 1154 | 2460 c5fb | 115c 2468 
  0x0000022e07b31c28: c5fb 1164 | 2470 c5fb | 116c 2478 | c5fb 11b4 | 2480 0000 | 00c5 fb11 | bc24 8800 | 0000 c57b 
  0x0000022e07b31c48: ;   {no_reloc}
  0x0000022e07b31c48: 1184 2490 | 0000 00c5 | 7b11 8c24 | 9800 0000 | c57b 1194 | 24a0 0000 | 00c5 7b11 | 9c24 a800 
  0x0000022e07b31c68: 0000 c57b | 11a4 24b0 | 0000 00c5 | 7b11 ac24 | b800 0000 | c57b 11b4 | 24c0 0000 | 00c5 7b11 
  0x0000022e07b31c88: bc24 c800 | 0000 498b | d748 8bc8 | 4883 ec20 | 40f6 c40f | 0f84 1900 | 0000 4883 

  0x0000022e07b31ca4: ;   {runtime_call}
  0x0000022e07b31ca4: ec08 48b8 | d0ed 8030 | fb7f 0000 | ffd0 4883 | c408 e90c 

  0x0000022e07b31cb8: ;   {runtime_call}
  0x0000022e07b31cb8: 0000 0048 | b8d0 ed80 | 30fb 7f00 | 00ff d048 | 83c4 20c5 | 7b10 bc24 | c800 0000 | c57b 10b4 
  0x0000022e07b31cd8: 24c0 0000 | 00c5 7b10 | ac24 b800 | 0000 c57b | 10a4 24b0 | 0000 00c5 | 7b10 9c24 | a800 0000 
  0x0000022e07b31cf8: c57b 1094 | 24a0 0000 | 00c5 7b10 | 8c24 9800 | 0000 c57b | 1084 2490 | 0000 00c5 | fb10 bc24 
  0x0000022e07b31d18: 8800 0000 | c5fb 10b4 | 2480 0000 | 00c5 fb10 | 6c24 78c5 | fb10 6424 | 70c5 fb10 | 5c24 68c5 
  0x0000022e07b31d38: fb10 5424 | 60c5 fb10 | 4c24 58c5 | fb10 4424 | 504c 8b5c | 2440 4c8b | 5424 384c | 8b4c 2430 
  0x0000022e07b31d58: 4c8b 4424 | 2848 8b7c | 2420 488b | 7424 1848 | 8b54 2410 | 488b 4c24 | 0848 8b04 | 2448 81c4 
  0x0000022e07b31d78: d000 0000 | c5f8 7749 | 8b8f 2804 | 0000 c781 | 0001 0000 | 0000 0000 | c949 837f | 0800 0f85 
  0x0000022e07b31d98: 0100 0000 

  0x0000022e07b31d9c: ;   {runtime_call StubRoutines (initial stubs)}
  0x0000022e07b31d9c: c3e9 5ef1 | 9fff c5f8 | 7748 8945 | f84c 8be4 | 4883 ec20 | 4883 e4f0 

  0x0000022e07b31db4: ;   {runtime_call}
  0x0000022e07b31db4: 48b8 2039 | c230 fb7f | 0000 ffd0 | 498b e44d | 33e4 488b | 45f8 e930 | fdff fff4 
[/MachCode]


Compiled method (c1)    7396 1550       3       java.lang.ClassLoader::defineClass (43 bytes)
 total in heap  [0x0000022e002ee690,0x0000022e002eefe8] = 2392
 relocation     [0x0000022e002ee7e8,0x0000022e002ee888] = 160
 main code      [0x0000022e002ee8a0,0x0000022e002eed40] = 1184
 stub code      [0x0000022e002eed40,0x0000022e002eedb8] = 120
 metadata       [0x0000022e002eedb8,0x0000022e002eede8] = 48
 scopes data    [0x0000022e002eede8,0x0000022e002eeed8] = 240
 scopes pcs     [0x0000022e002eeed8,0x0000022e002eefb8] = 224
 dependencies   [0x0000022e002eefb8,0x0000022e002eefc0] = 8
 nul chk table  [0x0000022e002eefc0,0x0000022e002eefe8] = 40

[Constant Pool (empty)]

[MachCode]
[Entry Point]
  # {method} {0x0000022e0f43aaf0} 'defineClass' '(Ljava/lang/String;[BIILjava/security/ProtectionDomain;)Ljava/lang/Class;' in 'java/lang/ClassLoader'
  # this:     rdx:rdx   = 'java/lang/ClassLoader'
  # parm0:    r8:r8     = 'java/lang/String'
  # parm1:    r9:r9     = '[B'
  # parm2:    rdi       = int
  # parm3:    rsi       = int
  # parm4:    rcx:rcx   = 'java/security/ProtectionDomain'
  #           [sp+0xc0]  (sp of caller)
  0x0000022e002ee8a0: 448b 5208 | 49bb 0000 | 000f 2e02 | 0000 4d03 | d34c 3bd0 

  0x0000022e002ee8b4: ;   {runtime_call ic_miss_stub}
  0x0000022e002ee8b4: 0f85 c6fe | 2807 660f | 1f44 0000 
[Verified Entry Point]
  0x0000022e002ee8c0: 8984 2400 | 80ff ff55 | 4881 ecb0 | 0000 0090 | 4181 7f20 | 0100 0000 

  0x0000022e002ee8d8: ;   {runtime_call StubRoutines (final stubs)}
  0x0000022e002ee8d8: 7405 e881 | 6427 0748 | 8954 2478 

  0x0000022e002ee8e4: ;   {metadata(method data for {method} {0x0000022e0f43aaf0} 'defineClass' '(Ljava/lang/String;[BIILjava/security/ProtectionDomain;)Ljava/lang/Class;' in 'java/lang/ClassLoader')}
  0x0000022e002ee8e4: 48bb 18bd | 1978 2e02 | 0000 8b83 | cc00 0000 | 83c0 0289 | 83cc 0000 | 0025 fe07 | 0000 85c0 
  0x0000022e002ee904: 0f84 5803 | 0000 89b4 | 2494 0000 | 0089 bc24 | 9000 0000 | 4c89 8c24 | 8800 0000 

  0x0000022e002ee920: ;   {metadata(method data for {method} {0x0000022e0f43aaf0} 'defineClass' '(Ljava/lang/String;[BIILjava/security/ProtectionDomain;)Ljava/lang/Class;' in 'java/lang/ClassLoader')}
  0x0000022e002ee920: 488b da48 | b818 bd19 | 782e 0200 | 0048 8380 | 1001 0000 | 0149 8bd8 | 4c8b c34c | 8bc9 488b 
  0x0000022e002ee940: ca48 8bd1 | 4889 9c24 | 8000 0000 

  0x0000022e002ee94c: ;   {optimized virtual_call}
  0x0000022e002ee94c: 6666 90e8 

  0x0000022e002ee950: ; ImmutableOopMap {[120]=Oop [128]=Oop [136]=Oop }
                      ;*invokevirtual preDefineClass {reexecute=0 rethrow=0 return_oop=0}
                      ; - java.lang.ClassLoader::defineClass@4 (line 1025)
  0x0000022e002ee950: 4c0a 0000 

  0x0000022e002ee954: ;   {other}
  0x0000022e002ee954: 0f1f 8400 | c402 0000 | 4889 8424 | 9800 0000 | 488b 5424 

  0x0000022e002ee968: ;   {metadata(method data for {method} {0x0000022e0f43aaf0} 'defineClass' '(Ljava/lang/String;[BIILjava/security/ProtectionDomain;)Ljava/lang/Class;' in 'java/lang/ClassLoader')}
  0x0000022e002ee968: 7849 b818 | bd19 782e | 0200 0049 | 8380 4801 

  0x0000022e002ee978: ;   {metadata(method data for {method} {0x0000022e0f43a7d8} 'defineClassSourceLocation' '(Ljava/security/ProtectionDomain;)Ljava/lang/String;' in 'java/lang/ClassLoader')}
  0x0000022e002ee978: 0000 0149 | b8b0 ca19 | 782e 0200 | 0041 8b90 | cc00 0000 | 83c2 0241 | 8990 cc00 | 0000 81e2 
  0x0000022e002ee998: feff 1f00 | 85d2 0f84 | df02 0000 

  0x0000022e002ee9a4: ; implicit exception: dispatches to 0x0000022e002eeca4
  0x0000022e002ee9a4: 483b 004c 

  0x0000022e002ee9a8: ;   {metadata(method data for {method} {0x0000022e0f43a7d8} 'defineClassSourceLocation' '(Ljava/security/ProtectionDomain;)Ljava/lang/String;' in 'java/lang/ClassLoader')}
  0x0000022e002ee9a8: 8bc0 48ba | b0ca 1978 | 2e02 0000 | 4883 8210 | 0100 0001 | 448b 4010 

  0x0000022e002ee9c0: ;   {metadata(method data for {method} {0x0000022e0f43a7d8} 'defineClassSourceLocation' '(Ljava/security/ProtectionDomain;)Ljava/lang/String;' in 'java/lang/ClassLoader')}
  0x0000022e002ee9c0: 4d85 c048 | bab0 ca19 | 782e 0200 | 0048 be58 | 0100 0000 | 0000 0075 | 0a48 be48 | 0100 0000 
  0x0000022e002ee9e0: 0000 0048 | 8b3c 3248 | 8d7f 0148 | 893c 320f | 850f 0000 

  0x0000022e002ee9f4: ;   {oop(nullptr)}
  0x0000022e002ee9f4: 0048 bb00 | 0000 0000 | 0000 00e9 | a301 0000 

  0x0000022e002eea04: ; implicit exception: dispatches to 0x0000022e002eeca9
  0x0000022e002eea04: 493b 0049 

  0x0000022e002eea08: ;   {metadata(method data for {method} {0x0000022e0f43a7d8} 'defineClassSourceLocation' '(Ljava/security/ProtectionDomain;)Ljava/lang/String;' in 'java/lang/ClassLoader')}
  0x0000022e002eea08: 8bd0 48be | b0ca 1978 | 2e02 0000 | 4883 8668 | 0100 0001 | 418b 500c 

  0x0000022e002eea20: ;   {metadata(method data for {method} {0x0000022e0f43a7d8} 'defineClassSourceLocation' '(Ljava/security/ProtectionDomain;)Ljava/lang/String;' in 'java/lang/ClassLoader')}
  0x0000022e002eea20: 4885 d248 | beb0 ca19 | 782e 0200 | 0048 bfb0 | 0100 0000 | 0000 0075 | 0a48 bfa0 | 0100 0000 
  0x0000022e002eea40: 0000 0048 | 8b1c 3e48 | 8d5b 0148 | 891c 3e0f | 850f 0000 

  0x0000022e002eea54: ;   {oop(nullptr)}
  0x0000022e002eea54: 0048 bb00 | 0000 0000 | 0000 00e9 | 4301 0000 

  0x0000022e002eea64: ;   {metadata(method data for {method} {0x0000022e0f43a7d8} 'defineClassSourceLocation' '(Ljava/security/ProtectionDomain;)Ljava/lang/String;' in 'java/lang/ClassLoader')}
  0x0000022e002eea64: 48be b0ca | 1978 2e02 | 0000 4883 | 86c0 0100 | 0001 483b | 024c 8bc2 

  0x0000022e002eea7c: ;   {metadata(method data for {method} {0x0000022e0f43a7d8} 'defineClassSourceLocation' '(Ljava/security/ProtectionDomain;)Ljava/lang/String;' in 'java/lang/ClassLoader')}
  0x0000022e002eea7c: 48be b0ca | 1978 2e02 | 0000 4883 | 86f8 0100 

  0x0000022e002eea8c: ;   {metadata(method data for {method} {0x0000022e0f01a7c0} 'toString' '()Ljava/lang/String;' in 'java/net/URL')}
  0x0000022e002eea8c: 0001 49b8 | 80d3 0d78 | 2e02 0000 | 418b b0cc | 0000 0083 | c602 4189 | b0cc 0000 | 0081 e6fe 
  0x0000022e002eeaac: ff1f 0085 | f60f 84fc | 0100 004c 

  0x0000022e002eeab8: ;   {metadata(method data for {method} {0x0000022e0f01a7c0} 'toString' '()Ljava/lang/String;' in 'java/net/URL')}
  0x0000022e002eeab8: 8bc2 48be | 80d3 0d78 | 2e02 0000 | 4883 8610 | 0100 0001 

  0x0000022e002eeacc: ;   {metadata(method data for {method} {0x0000022e0f42e3f0} 'toExternalForm' '()Ljava/lang/String;' in 'java/net/URL')}
  0x0000022e002eeacc: 49b8 08d5 | 0d78 2e02 | 0000 418b | b0cc 0000 | 0083 c602 | 4189 b0cc | 0000 0081 | e6fe ff1f 
  0x0000022e002eeaec: 0085 f60f | 84df 0100 | 008b 7238 

  0x0000022e002eeaf8: ; implicit exception: dispatches to 0x0000022e002eecf5
  0x0000022e002eeaf8: 483b 064c 

  0x0000022e002eeafc: ;   {metadata(method data for {method} {0x0000022e0f42e3f0} 'toExternalForm' '()Ljava/lang/String;' in 'java/net/URL')}
  0x0000022e002eeafc: 8bc6 48bf | 08d5 0d78 | 2e02 0000 | 458b 4008 | 49ba 0000 | 000f 2e02 | 0000 4d03 | c24c 3b87 
  0x0000022e002eeb1c: 2001 0000 | 750d 4883 | 8728 0100 | 0001 e960 | 0000 004c | 3b87 3001 | 0000 750d | 4883 8738 
  0x0000022e002eeb3c: 0100 0001 | e94a 0000 | 0048 83bf | 2001 0000 | 0075 174c | 8987 2001 | 0000 48c7 | 8728 0100 
  0x0000022e002eeb5c: 0001 0000 | 00e9 2900 | 0000 4883 | bf30 0100 | 0000 7517 | 4c89 8730 | 0100 0048 | c787 3801 
  0x0000022e002eeb7c: 0000 0100 | 0000 e908 | 0000 0048 | 8387 1001 | 0000 014c | 8bc2 488b 

  0x0000022e002eeb94: ;   {optimized virtual_call}
  0x0000022e002eeb94: d666 90e8 

  0x0000022e002eeb98: ; ImmutableOopMap {[120]=Oop [128]=Oop [136]=Oop [152]=Oop }
                      ;*invokevirtual toExternalForm {reexecute=0 rethrow=0 return_oop=0}
                      ; - java.net.URL::toExternalForm@5 (line 1203)
                      ; - java.net.URL::toString@1 (line 1189)
                      ; - java.lang.ClassLoader::defineClassSourceLocation@22 (line 927)
                      ; - java.lang.ClassLoader::defineClass@12 (line 1026)
  0x0000022e002eeb98: 64e3 e9ff 

  0x0000022e002eeb9c: ;   {other}
  0x0000022e002eeb9c: 0f1f 8400 | 0c05 0001 | 488b d848 | 8b84 2498 | 0000 008b | b424 9400 | 0000 8bbc | 2490 0000 
  0x0000022e002eebbc: 004c 8b8c | 2488 0000 | 004c 8b84 | 2480 0000 | 0048 8b54 

  0x0000022e002eebd0: ;   {metadata(method data for {method} {0x0000022e0f43aaf0} 'defineClass' '(Ljava/lang/String;[BIILjava/security/ProtectionDomain;)Ljava/lang/Class;' in 'java/lang/ClassLoader')}
  0x0000022e002eebd0: 2478 48b9 | 18bd 1978 | 2e02 0000 | 4883 8180 | 0100 0001 | 4c8b da49 | 8bd3 488b | c848 891c 
  0x0000022e002eebf0: 2466 0f1f 

  0x0000022e002eebf4: ;   {static_call}
  0x0000022e002eebf4: 4400 00e8 

  0x0000022e002eebf8: ; ImmutableOopMap {[120]=Oop [152]=Oop }
                      ;*invokestatic defineClass1 {reexecute=0 rethrow=0 return_oop=0}
                      ; - java.lang.ClassLoader::defineClass@27 (line 1027)
  0x0000022e002eebf8: 442d 8407 

  0x0000022e002eebfc: ;   {other}
  0x0000022e002eebfc: 0f1f 8400 | 6c05 0002 | 488b 5424 

  0x0000022e002eec08: ;   {metadata(method data for {method} {0x0000022e0f43aaf0} 'defineClass' '(Ljava/lang/String;[BIILjava/security/ProtectionDomain;)Ljava/lang/Class;' in 'java/lang/ClassLoader')}
  0x0000022e002eec08: 7849 b818 | bd19 782e | 0200 0049 | 8380 9001 | 0000 014c | 8bc0 4c8b | 8c24 9800 | 0000 488b 
  0x0000022e002eec28: 5424 7848 | 8984 24a0 | 0000 000f 

  0x0000022e002eec34: ;   {optimized virtual_call}
  0x0000022e002eec34: 1f40 00e8 

  0x0000022e002eec38: ; ImmutableOopMap {[160]=Oop }
                      ;*invokevirtual postDefineClass {reexecute=0 rethrow=0 return_oop=0}
                      ; - java.lang.ClassLoader::defineClass@37 (line 1028)
  0x0000022e002eec38: 643f 0000 

  0x0000022e002eec3c: ;   {other}
  0x0000022e002eec3c: 0f1f 8400 | ac05 0003 | 488b 8424 | a000 0000 | 4881 c4b0 | 0000 005d 

  0x0000022e002eec54: ;   {poll_return}
  0x0000022e002eec54: 493b a748 | 0400 000f | 8799 0000 

  0x0000022e002eec60: ;   {metadata({method} {0x0000022e0f43aaf0} 'defineClass' '(Ljava/lang/String;[BIILjava/security/ProtectionDomain;)Ljava/lang/Class;' in 'java/lang/ClassLoader')}
  0x0000022e002eec60: 00c3 49ba | e8aa 430f | 2e02 0000 | 4c89 5424 | 0848 c704 | 24ff ffff 

  0x0000022e002eec78: ;   {runtime_call counter_overflow Runtime1 stub}
  0x0000022e002eec78: ffe8 829e 

  0x0000022e002eec7c: ; ImmutableOopMap {rdx=Oop r8=Oop r9=Oop rcx=Oop [120]=Oop }
                      ;*synchronization entry
                      ; - java.lang.ClassLoader::defineClass@-1 (line 1025)
  0x0000022e002eec7c: 3507 e987 

  0x0000022e002eec80: ;   {metadata({method} {0x0000022e0f43a7d8} 'defineClassSourceLocation' '(Ljava/security/ProtectionDomain;)Ljava/lang/String;' in 'java/lang/ClassLoader')}
  0x0000022e002eec80: fcff ff49 | bad0 a743 | 0f2e 0200 | 004c 8954 | 2408 48c7 | 0424 ffff 

  0x0000022e002eec98: ;   {runtime_call counter_overflow Runtime1 stub}
  0x0000022e002eec98: ffff e861 

  0x0000022e002eec9c: ; ImmutableOopMap {rax=Oop [120]=Oop [128]=Oop [136]=Oop [152]=Oop }
                      ;*synchronization entry
                      ; - java.lang.ClassLoader::defineClassSourceLocation@-1 (line 924)
                      ; - java.lang.ClassLoader::defineClass@12 (line 1026)
  0x0000022e002eec9c: 9e35 07e9 | 00fd ffff 

  0x0000022e002eeca4: ;   {runtime_call throw_null_pointer_exception Runtime1 stub}
  0x0000022e002eeca4: e857 2835 

  0x0000022e002eeca8: ; ImmutableOopMap {rax=Oop [120]=Oop [128]=Oop [136]=Oop [152]=Oop }
                      ;*invokevirtual getCodeSource {reexecute=0 rethrow=0 return_oop=0}
                      ; - java.lang.ClassLoader::defineClassSourceLocation@1 (line 924)
                      ; - java.lang.ClassLoader::defineClass@12 (line 1026)
                      ;   {runtime_call throw_null_pointer_exception Runtime1 stub}
  0x0000022e002eeca8: 07e8 5228 

  0x0000022e002eecac: ; ImmutableOopMap {rax=Oop r8=Oop [120]=Oop [128]=Oop [136]=Oop [152]=Oop }
                      ;*invokevirtual getLocation {reexecute=0 rethrow=0 return_oop=0}
                      ; - java.lang.ClassLoader::defineClassSourceLocation@12 (line 926)
                      ; - java.lang.ClassLoader::defineClass@12 (line 1026)
                      ;   {runtime_call throw_null_pointer_exception Runtime1 stub}
  0x0000022e002eecac: 3507 e84d 

  0x0000022e002eecb0: ; ImmutableOopMap {rdx=Oop [120]=Oop [128]=Oop [136]=Oop [152]=Oop }
                      ;*invokevirtual toString {reexecute=0 rethrow=0 return_oop=0}
                      ; - java.lang.ClassLoader::defineClassSourceLocation@22 (line 927)
                      ; - java.lang.ClassLoader::defineClass@12 (line 1026)
                      ;   {metadata({method} {0x0000022e0f01a7c0} 'toString' '()Ljava/lang/String;' in 'java/net/URL')}
  0x0000022e002eecb0: 2835 0749 | bab8 a701 | 0f2e 0200 | 004c 8954 | 2408 48c7 | 0424 ffff 

  0x0000022e002eecc8: ;   {runtime_call counter_overflow Runtime1 stub}
  0x0000022e002eecc8: ffff e831 

  0x0000022e002eeccc: ; ImmutableOopMap {rdx=Oop [120]=Oop [128]=Oop [136]=Oop [152]=Oop }
                      ;*synchronization entry
                      ; - java.net.URL::toString@-1 (line 1189)
                      ; - java.lang.ClassLoader::defineClassSourceLocation@22 (line 927)
                      ; - java.lang.ClassLoader::defineClass@12 (line 1026)
  0x0000022e002eeccc: 9e35 07e9 | e3fd ffff 

  0x0000022e002eecd4: ;   {metadata({method} {0x0000022e0f42e3f0} 'toExternalForm' '()Ljava/lang/String;' in 'java/net/URL')}
  0x0000022e002eecd4: 49ba e8e3 | 420f 2e02 | 0000 4c89 | 5424 0848 | c704 24ff 

  0x0000022e002eece8: ;   {runtime_call counter_overflow Runtime1 stub}
  0x0000022e002eece8: ffff ffe8 

  0x0000022e002eecec: ; ImmutableOopMap {rdx=Oop [120]=Oop [128]=Oop [136]=Oop [152]=Oop }
                      ;*synchronization entry
                      ; - java.net.URL::toExternalForm@-1 (line 1203)
                      ; - java.net.URL::toString@1 (line 1189)
                      ; - java.lang.ClassLoader::defineClassSourceLocation@22 (line 927)
                      ; - java.lang.ClassLoader::defineClass@12 (line 1026)
  0x0000022e002eecec: 109e 3507 | e900 feff 

  0x0000022e002eecf4: ;   {runtime_call throw_null_pointer_exception Runtime1 stub}
  0x0000022e002eecf4: ffe8 0628 

  0x0000022e002eecf8: ; ImmutableOopMap {rdx=Oop rsi=Oop [120]=Oop [128]=Oop [136]=Oop [152]=Oop }
                      ;*invokevirtual toExternalForm {reexecute=0 rethrow=0 return_oop=0}
                      ; - java.net.URL::toExternalForm@5 (line 1203)
                      ; - java.net.URL::toString@1 (line 1189)
                      ; - java.lang.ClassLoader::defineClassSourceLocation@22 (line 927)
                      ; - java.lang.ClassLoader::defineClass@12 (line 1026)
                      ;   {internal_word}
  0x0000022e002eecf8: 3507 49ba | 54ec 2e00 | 2e02 0000 | 4d89 9760 

  0x0000022e002eed08: ;   {runtime_call SafepointBlob}
  0x0000022e002eed08: 0400 00e9 | f069 2907 | 498b 87f8 | 0400 0049 | c787 f804 | 0000 0000 | 0000 49c7 | 8700 0500 
  0x0000022e002eed28: 0000 0000 | 0048 81c4 | b000 0000 

  0x0000022e002eed34: ;   {runtime_call unwind_exception Runtime1 stub}
  0x0000022e002eed34: 5de9 460f | 3507 f4f4 | f4f4 f4f4 
[Stub Code]
  0x0000022e002eed40: ;   {no_reloc}
  0x0000022e002eed40: 0f1f 4400 

  0x0000022e002eed44: ;   {static_stub}
  0x0000022e002eed44: 0048 bb00 | 0000 0000 

  0x0000022e002eed4c: ;   {runtime_call}
  0x0000022e002eed4c: 0000 00e9 | fbff ffff 

  0x0000022e002eed54: ;   {static_stub}
  0x0000022e002eed54: 48bb 0000 | 0000 0000 

  0x0000022e002eed5c: ;   {runtime_call}
  0x0000022e002eed5c: 0000 e9fb 

  0x0000022e002eed60: ;   {static_stub}
  0x0000022e002eed60: ffff ff48 | bb00 0000 | 0000 0000 

  0x0000022e002eed6c: ;   {runtime_call}
  0x0000022e002eed6c: 00e9 fbff 

  0x0000022e002eed70: ;   {static_stub}
  0x0000022e002eed70: ffff 48bb | 0000 0000 | 0000 0000 

  0x0000022e002eed7c: ;   {runtime_call}
  0x0000022e002eed7c: e9fb ffff 

  0x0000022e002eed80: ;   {runtime_call handle_exception_from_callee Runtime1 stub}
  0x0000022e002eed80: ffe8 fa49 

  0x0000022e002eed84: ;   {external_word}
  0x0000022e002eed84: 3507 48b9 | a036 e930 | fb7f 0000 | 4883 e4f0 

  0x0000022e002eed94: ;   {runtime_call}
  0x0000022e002eed94: 48b8 5024 | b130 fb7f | 0000 ffd0 

  0x0000022e002eeda0: ;   {section_word}
  0x0000022e002eeda0: f449 baa1 | ed2e 002e | 0200 0041 

  0x0000022e002eedac: ;   {runtime_call DeoptimizationBlob}
  0x0000022e002eedac: 52e9 ee5b | 2907 f4f4 | f4f4 f4f4 
[/MachCode]


Compiled method (c1)    7416 1527       3       java.security.SecureClassLoader::defineClass (16 bytes)
 total in heap  [0x0000022e002e2b10,0x0000022e002e2f10] = 1024
 relocation     [0x0000022e002e2c68,0x0000022e002e2cb8] = 80
 main code      [0x0000022e002e2cc0,0x0000022e002e2e18] = 344
 stub code      [0x0000022e002e2e18,0x0000022e002e2e68] = 80
 metadata       [0x0000022e002e2e68,0x0000022e002e2e70] = 8
 scopes data    [0x0000022e002e2e70,0x0000022e002e2eb8] = 72
 scopes pcs     [0x0000022e002e2eb8,0x0000022e002e2f08] = 80
 dependencies   [0x0000022e002e2f08,0x0000022e002e2f10] = 8

[Constant Pool (empty)]

[MachCode]
[Entry Point]
  # {method} {0x0000022e0f04d350} 'defineClass' '(Ljava/lang/String;[BIILjava/security/CodeSource;)Ljava/lang/Class;' in 'java/security/SecureClassLoader'
  # this:     rdx:rdx   = 'java/security/SecureClassLoader'
  # parm0:    r8:r8     = 'java/lang/String'
  # parm1:    r9:r9     = '[B'
  # parm2:    rdi       = int
  # parm3:    rsi       = int
  # parm4:    rcx:rcx   = 'java/security/CodeSource'
  #           [sp+0x80]  (sp of caller)
  0x0000022e002e2cc0: 448b 5208 | 49bb 0000 | 000f 2e02 | 0000 4d03 | d34c 3bd0 

  0x0000022e002e2cd4: ;   {runtime_call ic_miss_stub}
  0x0000022e002e2cd4: 0f85 a6ba | 2907 660f | 1f44 0000 
[Verified Entry Point]
  0x0000022e002e2ce0: 8984 2400 | 80ff ff55 | 4883 ec70 | 4181 7f20 | 0100 0000 

  0x0000022e002e2cf4: ;   {runtime_call StubRoutines (final stubs)}
  0x0000022e002e2cf4: 7405 e865 

  0x0000022e002e2cf8: ;   {metadata(method data for {method} {0x0000022e0f04d350} 'defineClass' '(Ljava/lang/String;[BIILjava/security/CodeSource;)Ljava/lang/Class;' in 'java/security/SecureClassLoader')}
  0x0000022e002e2cf8: 2028 0748 | bb28 6419 | 782e 0200 | 008b 83cc | 0000 0083 | c002 8983 | cc00 0000 | 25fe 0700 
  0x0000022e002e2d18: 0085 c00f | 8496 0000 | 0089 7424 | 5c89 7c24 | 584c 894c | 2450 4c89 | 4424 4848 

  0x0000022e002e2d34: ;   {metadata(method data for {method} {0x0000022e0f04d350} 'defineClass' '(Ljava/lang/String;[BIILjava/security/CodeSource;)Ljava/lang/Class;' in 'java/security/SecureClassLoader')}
  0x0000022e002e2d34: 8bda 48b8 | 2864 1978 | 2e02 0000 | 4883 8010 | 0100 0001 | 4c8b c148 | 8bc2 488b | d048 8944 
  0x0000022e002e2d54: ;   {optimized virtual_call}
  0x0000022e002e2d54: 2440 90e8 

  0x0000022e002e2d58: ; ImmutableOopMap {[64]=Oop [72]=Oop [80]=Oop }
                      ;*invokevirtual getProtectionDomain {reexecute=0 rethrow=0 return_oop=0}
                      ; - java.security.SecureClassLoader::defineClass@9 (line 150)
  0x0000022e002e2d58: c4a3 0000 

  0x0000022e002e2d5c: ;   {other}
  0x0000022e002e2d5c: 0f1f 8400 | 4c02 0000 | 488b 5424 

  0x0000022e002e2d68: ;   {metadata(method data for {method} {0x0000022e0f04d350} 'defineClass' '(Ljava/lang/String;[BIILjava/security/CodeSource;)Ljava/lang/Class;' in 'java/security/SecureClassLoader')}
  0x0000022e002e2d68: 4049 b828 | 6419 782e | 0200 0049 | 8380 4801 | 0000 014c | 8b44 2448 | 4c8b 4c24 | 508b 7c24 
  0x0000022e002e2d88: 588b 7424 | 5c48 8bc8 | 488b 5424 

  0x0000022e002e2d94: ;   {optimized virtual_call}
  0x0000022e002e2d94: 4066 90e8 

  0x0000022e002e2d98: ; ImmutableOopMap {}
                      ;*invokevirtual defineClass {reexecute=0 rethrow=0 return_oop=0}
                      ; - java.security.SecureClassLoader::defineClass@12 (line 150)
  0x0000022e002e2d98: 24bb 0000 

  0x0000022e002e2d9c: ;   {other}
  0x0000022e002e2d9c: 0f1f 8400 | 8c02 0001 | 4883 c470 

  0x0000022e002e2da8: ;   {poll_return}
  0x0000022e002e2da8: 5d49 3ba7 | 4804 0000 | 0f87 2200 

  0x0000022e002e2db4: ;   {metadata({method} {0x0000022e0f04d350} 'defineClass' '(Ljava/lang/String;[BIILjava/security/CodeSource;)Ljava/lang/Class;' in 'java/security/SecureClassLoader')}
  0x0000022e002e2db4: 0000 c349 | ba48 d304 | 0f2e 0200 | 004c 8954 | 2408 48c7 | 0424 ffff 

  0x0000022e002e2dcc: ;   {runtime_call counter_overflow Runtime1 stub}
  0x0000022e002e2dcc: ffff e82d 

  0x0000022e002e2dd0: ; ImmutableOopMap {rdx=Oop r8=Oop r9=Oop rcx=Oop }
                      ;*synchronization entry
                      ; - java.security.SecureClassLoader::defineClass@-1 (line 150)
  0x0000022e002e2dd0: 5d36 07e9 | 49ff ffff 

  0x0000022e002e2dd8: ;   {internal_word}
  0x0000022e002e2dd8: 49ba a92d | 2e00 2e02 | 0000 4d89 | 9760 0400 

  0x0000022e002e2de8: ;   {runtime_call SafepointBlob}
  0x0000022e002e2de8: 00e9 1229 | 2a07 498b | 87f8 0400 | 0049 c787 | f804 0000 | 0000 0000 | 49c7 8700 | 0500 0000 
  0x0000022e002e2e08: 0000 0048 | 83c4 705d 

  0x0000022e002e2e10: ;   {runtime_call unwind_exception Runtime1 stub}
  0x0000022e002e2e10: e96b ce35 | 07f4 f4f4 
[Stub Code]
  0x0000022e002e2e18: ;   {no_reloc}
  0x0000022e002e2e18: 48bb 98d2 | 040f 2e02 

  0x0000022e002e2e20: ;   {runtime_call I2C/C2I adapters}
  0x0000022e002e2e20: 0000 e9c0 

  0x0000022e002e2e24: ;   {static_stub}
  0x0000022e002e2e24: 132a 0748 | bbe8 aa43 | 0f2e 0200 

  0x0000022e002e2e30: ;   {runtime_call I2C/C2I adapters}
  0x0000022e002e2e30: 00e9 3fe3 

  0x0000022e002e2e34: ;   {runtime_call handle_exception_from_callee Runtime1 stub}
  0x0000022e002e2e34: 2807 e845 

  0x0000022e002e2e38: ;   {external_word}
  0x0000022e002e2e38: 0936 0748 | b9a0 36e9 | 30fb 7f00 | 0048 83e4 

  0x0000022e002e2e48: ;   {runtime_call}
  0x0000022e002e2e48: f048 b850 | 24b1 30fb | 7f00 00ff 

  0x0000022e002e2e54: ;   {section_word}
  0x0000022e002e2e54: d0f4 49ba | 562e 2e00 | 2e02 0000 

  0x0000022e002e2e60: ;   {runtime_call DeoptimizationBlob}
  0x0000022e002e2e60: 4152 e939 | 1b2a 07f4 
[/MachCode]


---------------  P R O C E S S  ---------------

Threads class SMR info:
_java_thread_list=0x0000022e7c19f7a0, length=21, elements={
0x0000022e69a65c80, 0x0000022e77da54e0, 0x0000022e77da6e50, 0x0000022e77dad160,
0x0000022e7c000080, 0x0000022e7c0006e0, 0x0000022e7c001e50, 0x0000022e7c00c7d0,
0x0000022e7c0135f0, 0x0000022e7c0d4120, 0x0000022e7c1fb3d0, 0x0000022e7d9deef0,
0x0000022e7cfc0630, 0x0000022e7c0bdb50, 0x0000022e7c627b00, 0x0000022e7c0b46c0,
0x0000022e7c5100e0, 0x0000022e7c19fd20, 0x0000022e7c1c58c0, 0x0000022e7c19dec0,
0x0000022e7c19c480
}

Java Threads: ( => current thread )
  0x0000022e69a65c80 JavaThread "main"                              [_thread_blocked, id=22076, stack(0x0000004cb9e00000,0x0000004cb9f00000) (1024K)]
  0x0000022e77da54e0 JavaThread "Reference Handler"          daemon [_thread_blocked, id=23412, stack(0x0000004cba600000,0x0000004cba700000) (1024K)]
  0x0000022e77da6e50 JavaThread "Finalizer"                  daemon [_thread_blocked, id=36112, stack(0x0000004cba700000,0x0000004cba800000) (1024K)]
  0x0000022e77dad160 JavaThread "Signal Dispatcher"          daemon [_thread_blocked, id=29968, stack(0x0000004cba800000,0x0000004cba900000) (1024K)]
  0x0000022e7c000080 JavaThread "Attach Listener"            daemon [_thread_blocked, id=18892, stack(0x0000004cba900000,0x0000004cbaa00000) (1024K)]
  0x0000022e7c0006e0 JavaThread "Service Thread"             daemon [_thread_blocked, id=26736, stack(0x0000004cbaa00000,0x0000004cbab00000) (1024K)]
  0x0000022e7c001e50 JavaThread "Monitor Deflation Thread"   daemon [_thread_blocked, id=33956, stack(0x0000004cbab00000,0x0000004cbac00000) (1024K)]
  0x0000022e7c00c7d0 JavaThread "C2 CompilerThread0"         daemon [_thread_blocked, id=35248, stack(0x0000004cbac00000,0x0000004cbad00000) (1024K)]
  0x0000022e7c0135f0 JavaThread "C1 CompilerThread0"         daemon [_thread_blocked, id=29076, stack(0x0000004cbad00000,0x0000004cbae00000) (1024K)]
  0x0000022e7c0d4120 JavaThread "Common-Cleaner"             daemon [_thread_blocked, id=27776, stack(0x0000004cbae00000,0x0000004cbaf00000) (1024K)]
  0x0000022e7c1fb3d0 JavaThread "Notification Thread"        daemon [_thread_blocked, id=23320, stack(0x0000004cbaf00000,0x0000004cbb000000) (1024K)]
  0x0000022e7d9deef0 JavaThread "Daemon health stats"               [_thread_blocked, id=38668, stack(0x0000004cbb000000,0x0000004cbb100000) (1024K)]
  0x0000022e7cfc0630 JavaThread "Incoming local TCP Connector on port 63126"        [_thread_in_native, id=13684, stack(0x0000004cbb100000,0x0000004cbb200000) (1024K)]
  0x0000022e7c0bdb50 JavaThread "Daemon periodic checks"            [_thread_blocked, id=25144, stack(0x0000004cbbb00000,0x0000004cbbc00000) (1024K)]
  0x0000022e7c627b00 JavaThread "Daemon"                            [_thread_blocked, id=36980, stack(0x0000004cbbc00000,0x0000004cbbd00000) (1024K)]
  0x0000022e7c0b46c0 JavaThread "Handler for socket connection from /127.0.0.1:63126 to /127.0.0.1:63127"        [_thread_in_native, id=27912, stack(0x0000004cbbd00000,0x0000004cbbe00000) (1024K)]
  0x0000022e7c5100e0 JavaThread "Cancel handler"                    [_thread_blocked, id=30836, stack(0x0000004cbbe00000,0x0000004cbbf00000) (1024K)]
=>0x0000022e7c19fd20 JavaThread "Daemon worker"                     [_thread_in_vm, id=25528, stack(0x0000004cbbf00000,0x0000004cbc000000) (1024K)]
  0x0000022e7c1c58c0 JavaThread "Asynchronous log dispatcher for DefaultDaemonConnection: socket connection from /127.0.0.1:63126 to /127.0.0.1:63127"        [_thread_blocked, id=36268, stack(0x0000004cbc000000,0x0000004cbc100000) (1024K)]
  0x0000022e7c19dec0 JavaThread "Stdin handler"                     [_thread_blocked, id=39324, stack(0x0000004cbc100000,0x0000004cbc200000) (1024K)]
  0x0000022e7c19c480 JavaThread "Daemon client event forwarder"        [_thread_blocked, id=32176, stack(0x0000004cbc200000,0x0000004cbc300000) (1024K)]
Total: 21

Other Threads:
  0x0000022e77d8d990 VMThread "VM Thread"                           [id=25216, stack(0x0000004cba500000,0x0000004cba600000) (1024K)]
  0x0000022e77d7e7d0 WatcherThread "VM Periodic Task Thread"        [id=37716, stack(0x0000004cba400000,0x0000004cba500000) (1024K)]
  0x0000022e6a062fd0 WorkerThread "GC Thread#0"                     [id=38188, stack(0x0000004cb9f00000,0x0000004cba000000) (1024K)]
  0x0000022e7c3d9730 WorkerThread "GC Thread#1"                     [id=39076, stack(0x0000004cbb200000,0x0000004cbb300000) (1024K)]
  0x0000022e7c3d9ad0 WorkerThread "GC Thread#2"                     [id=4344, stack(0x0000004cbb300000,0x0000004cbb400000) (1024K)]
  0x0000022e7c3d9e70 WorkerThread "GC Thread#3"                     [id=33504, stack(0x0000004cbb400000,0x0000004cbb500000) (1024K)]
  0x0000022e7c5eee10 WorkerThread "GC Thread#4"                     [id=32308, stack(0x0000004cbb500000,0x0000004cbb600000) (1024K)]
  0x0000022e7c5ef1b0 WorkerThread "GC Thread#5"                     [id=33656, stack(0x0000004cbb600000,0x0000004cbb700000) (1024K)]
  0x0000022e7dc5e270 WorkerThread "GC Thread#6"                     [id=5764, stack(0x0000004cbb700000,0x0000004cbb800000) (1024K)]
  0x0000022e7c618a90 WorkerThread "GC Thread#7"                     [id=36860, stack(0x0000004cbb800000,0x0000004cbb900000) (1024K)]
  0x0000022e7c61e6f0 WorkerThread "GC Thread#8"                     [id=22968, stack(0x0000004cbb900000,0x0000004cbba00000) (1024K)]
  0x0000022e7c61f220 WorkerThread "GC Thread#9"                     [id=18648, stack(0x0000004cbba00000,0x0000004cbbb00000) (1024K)]
  0x0000022e6a067ec0 ConcurrentGCThread "G1 Main Marker"            [id=36688, stack(0x0000004cba000000,0x0000004cba100000) (1024K)]
  0x0000022e6a069750 WorkerThread "G1 Conc#0"                       [id=30076, stack(0x0000004cba100000,0x0000004cba200000) (1024K)]
  0x0000022e6a0fea70 ConcurrentGCThread "G1 Refine#0"               [id=17844, stack(0x0000004cba200000,0x0000004cba300000) (1024K)]
  0x0000022e77c49b60 ConcurrentGCThread "G1 Service"                [id=27040, stack(0x0000004cba300000,0x0000004cba400000) (1024K)]
Total: 16

Threads with active compile tasks:
Total: 0

VM state: not at safepoint (normal execution)

VM Mutex/Monitor currently owned by a thread:  ([mutex/lock_event])
[0x00007ffb31129e18] Metaspace_lock - owner thread: 0x0000022e7c19fd20

Heap address: 0x00000000e0000000, size: 512 MB, Compressed Oops mode: 32-bit

CDS archive(s) mapped at: [0x0000022e0f000000-0x0000022e0fc90000-0x0000022e0fc90000), size 13172736, SharedBaseAddress: 0x0000022e0f000000, ArchiveRelocationMode: 1.
Compressed class space mapped at: 0x0000022e10000000-0x0000022e24000000, reserved size: 335544320
Narrow klass base: 0x0000022e0f000000, Narrow klass shift: 0, Narrow klass range: 0x100000000

GC Precious Log:
 CardTable entry size: 512
 Card Set container configuration: InlinePtr #cards 5 size 8 Array Of Cards #cards 12 size 40 Howl #buckets 4 coarsen threshold 1843 Howl Bitmap #cards 512 size 80 coarsen threshold 460 Card regions per heap region 1 cards per card region 2048
 CPUs: 12 total, 12 available
 Memory: 16087M
 Large Page Support: Disabled
 NUMA Support: Disabled
 Compressed Oops: Enabled (32-bit)
 Heap Region Size: 1M
 Heap Min Capacity: 256M
 Heap Initial Capacity: 256M
 Heap Max Capacity: 512M
 Pre-touch: Disabled
 Parallel Workers: 10
 Concurrent Workers: 3
 Concurrent Refinement Workers: 10
 Periodic GC: Disabled

Heap:
 garbage-first heap   total 262144K, used 36491K [0x00000000e0000000, 0x0000000100000000)
  region size 1024K, 27 young (27648K), 9 survivors (9216K)
 Metaspace       used 13087K, committed 13504K, reserved 393216K
  class space    used 1701K, committed 1920K, reserved 327680K

Heap Regions: E=young(eden), S=young(survivor), O=old, HS=humongous(starts), HC=humongous(continues), CS=collection set, F=free, TAMS=top-at-mark-start, PB=parsable bottom
|   0|0x00000000e0000000, 0x00000000e0100000, 0x00000000e0100000|100%|HS|  |TAMS 0x00000000e0000000| PB 0x00000000e0000000| Complete 
|   1|0x00000000e0100000, 0x00000000e0200000, 0x00000000e0200000|100%|HC|  |TAMS 0x00000000e0100000| PB 0x00000000e0100000| Complete 
|   2|0x00000000e0200000, 0x00000000e0300000, 0x00000000e0300000|100%|HC|  |TAMS 0x00000000e0200000| PB 0x00000000e0200000| Complete 
|   3|0x00000000e0300000, 0x00000000e0400000, 0x00000000e0400000|100%| O|  |TAMS 0x00000000e0300000| PB 0x00000000e0300000| Untracked 
|   4|0x00000000e0400000, 0x00000000e0500000, 0x00000000e0500000|100%| O|  |TAMS 0x00000000e0400000| PB 0x00000000e0400000| Untracked 
|   5|0x00000000e0500000, 0x00000000e0600000, 0x00000000e0600000|100%| O|  |TAMS 0x00000000e0500000| PB 0x00000000e0500000| Untracked 
|   6|0x00000000e0600000, 0x00000000e0700000, 0x00000000e0700000|100%|HS|  |TAMS 0x00000000e0600000| PB 0x00000000e0600000| Complete 
|   7|0x00000000e0700000, 0x00000000e0700000, 0x00000000e0800000|  0%| F|  |TAMS 0x00000000e0700000| PB 0x00000000e0700000| Untracked 
|   8|0x00000000e0800000, 0x00000000e0900000, 0x00000000e0900000|100%| O|  |TAMS 0x00000000e0800000| PB 0x00000000e0800000| Untracked 
|   9|0x00000000e0900000, 0x00000000e0a00000, 0x00000000e0a00000|100%| O|  |TAMS 0x00000000e0900000| PB 0x00000000e0900000| Untracked 
|  10|0x00000000e0a00000, 0x00000000e0aa2c88, 0x00000000e0b00000| 63%| O|  |TAMS 0x00000000e0a00000| PB 0x00000000e0a00000| Untracked 
|  11|0x00000000e0b00000, 0x00000000e0b00000, 0x00000000e0c00000|  0%| F|  |TAMS 0x00000000e0b00000| PB 0x00000000e0b00000| Untracked 
|  12|0x00000000e0c00000, 0x00000000e0c00000, 0x00000000e0d00000|  0%| F|  |TAMS 0x00000000e0c00000| PB 0x00000000e0c00000| Untracked 
|  13|0x00000000e0d00000, 0x00000000e0d00000, 0x00000000e0e00000|  0%| F|  |TAMS 0x00000000e0d00000| PB 0x00000000e0d00000| Untracked 
|  14|0x00000000e0e00000, 0x00000000e0e00000, 0x00000000e0f00000|  0%| F|  |TAMS 0x00000000e0e00000| PB 0x00000000e0e00000| Untracked 
|  15|0x00000000e0f00000, 0x00000000e0f00000, 0x00000000e1000000|  0%| F|  |TAMS 0x00000000e0f00000| PB 0x00000000e0f00000| Untracked 
|  16|0x00000000e1000000, 0x00000000e1000000, 0x00000000e1100000|  0%| F|  |TAMS 0x00000000e1000000| PB 0x00000000e1000000| Untracked 
|  17|0x00000000e1100000, 0x00000000e1100000, 0x00000000e1200000|  0%| F|  |TAMS 0x00000000e1100000| PB 0x00000000e1100000| Untracked 
|  18|0x00000000e1200000, 0x00000000e1200000, 0x00000000e1300000|  0%| F|  |TAMS 0x00000000e1200000| PB 0x00000000e1200000| Untracked 
|  19|0x00000000e1300000, 0x00000000e1300000, 0x00000000e1400000|  0%| F|  |TAMS 0x00000000e1300000| PB 0x00000000e1300000| Untracked 
|  20|0x00000000e1400000, 0x00000000e1400000, 0x00000000e1500000|  0%| F|  |TAMS 0x00000000e1400000| PB 0x00000000e1400000| Untracked 
|  21|0x00000000e1500000, 0x00000000e1500000, 0x00000000e1600000|  0%| F|  |TAMS 0x00000000e1500000| PB 0x00000000e1500000| Untracked 
|  22|0x00000000e1600000, 0x00000000e1600000, 0x00000000e1700000|  0%| F|  |TAMS 0x00000000e1600000| PB 0x00000000e1600000| Untracked 
|  23|0x00000000e1700000, 0x00000000e1700000, 0x00000000e1800000|  0%| F|  |TAMS 0x00000000e1700000| PB 0x00000000e1700000| Untracked 
|  24|0x00000000e1800000, 0x00000000e1800000, 0x00000000e1900000|  0%| F|  |TAMS 0x00000000e1800000| PB 0x00000000e1800000| Untracked 
|  25|0x00000000e1900000, 0x00000000e1900000, 0x00000000e1a00000|  0%| F|  |TAMS 0x00000000e1900000| PB 0x00000000e1900000| Untracked 
|  26|0x00000000e1a00000, 0x00000000e1a00000, 0x00000000e1b00000|  0%| F|  |TAMS 0x00000000e1a00000| PB 0x00000000e1a00000| Untracked 
|  27|0x00000000e1b00000, 0x00000000e1b00000, 0x00000000e1c00000|  0%| F|  |TAMS 0x00000000e1b00000| PB 0x00000000e1b00000| Untracked 
|  28|0x00000000e1c00000, 0x00000000e1c00000, 0x00000000e1d00000|  0%| F|  |TAMS 0x00000000e1c00000| PB 0x00000000e1c00000| Untracked 
|  29|0x00000000e1d00000, 0x00000000e1d00000, 0x00000000e1e00000|  0%| F|  |TAMS 0x00000000e1d00000| PB 0x00000000e1d00000| Untracked 
|  30|0x00000000e1e00000, 0x00000000e1e00000, 0x00000000e1f00000|  0%| F|  |TAMS 0x00000000e1e00000| PB 0x00000000e1e00000| Untracked 
|  31|0x00000000e1f00000, 0x00000000e1f00000, 0x00000000e2000000|  0%| F|  |TAMS 0x00000000e1f00000| PB 0x00000000e1f00000| Untracked 
|  32|0x00000000e2000000, 0x00000000e2000000, 0x00000000e2100000|  0%| F|  |TAMS 0x00000000e2000000| PB 0x00000000e2000000| Untracked 
|  33|0x00000000e2100000, 0x00000000e2100000, 0x00000000e2200000|  0%| F|  |TAMS 0x00000000e2100000| PB 0x00000000e2100000| Untracked 
|  34|0x00000000e2200000, 0x00000000e2200000, 0x00000000e2300000|  0%| F|  |TAMS 0x00000000e2200000| PB 0x00000000e2200000| Untracked 
|  35|0x00000000e2300000, 0x00000000e2300000, 0x00000000e2400000|  0%| F|  |TAMS 0x00000000e2300000| PB 0x00000000e2300000| Untracked 
|  36|0x00000000e2400000, 0x00000000e2400000, 0x00000000e2500000|  0%| F|  |TAMS 0x00000000e2400000| PB 0x00000000e2400000| Untracked 
|  37|0x00000000e2500000, 0x00000000e2500000, 0x00000000e2600000|  0%| F|  |TAMS 0x00000000e2500000| PB 0x00000000e2500000| Untracked 
|  38|0x00000000e2600000, 0x00000000e2600000, 0x00000000e2700000|  0%| F|  |TAMS 0x00000000e2600000| PB 0x00000000e2600000| Untracked 
|  39|0x00000000e2700000, 0x00000000e2700000, 0x00000000e2800000|  0%| F|  |TAMS 0x00000000e2700000| PB 0x00000000e2700000| Untracked 
|  40|0x00000000e2800000, 0x00000000e2800000, 0x00000000e2900000|  0%| F|  |TAMS 0x00000000e2800000| PB 0x00000000e2800000| Untracked 
|  41|0x00000000e2900000, 0x00000000e2900000, 0x00000000e2a00000|  0%| F|  |TAMS 0x00000000e2900000| PB 0x00000000e2900000| Untracked 
|  42|0x00000000e2a00000, 0x00000000e2a00000, 0x00000000e2b00000|  0%| F|  |TAMS 0x00000000e2a00000| PB 0x00000000e2a00000| Untracked 
|  43|0x00000000e2b00000, 0x00000000e2b00000, 0x00000000e2c00000|  0%| F|  |TAMS 0x00000000e2b00000| PB 0x00000000e2b00000| Untracked 
|  44|0x00000000e2c00000, 0x00000000e2c00000, 0x00000000e2d00000|  0%| F|  |TAMS 0x00000000e2c00000| PB 0x00000000e2c00000| Untracked 
|  45|0x00000000e2d00000, 0x00000000e2d00000, 0x00000000e2e00000|  0%| F|  |TAMS 0x00000000e2d00000| PB 0x00000000e2d00000| Untracked 
|  46|0x00000000e2e00000, 0x00000000e2e00000, 0x00000000e2f00000|  0%| F|  |TAMS 0x00000000e2e00000| PB 0x00000000e2e00000| Untracked 
|  47|0x00000000e2f00000, 0x00000000e2f00000, 0x00000000e3000000|  0%| F|  |TAMS 0x00000000e2f00000| PB 0x00000000e2f00000| Untracked 
|  48|0x00000000e3000000, 0x00000000e3000000, 0x00000000e3100000|  0%| F|  |TAMS 0x00000000e3000000| PB 0x00000000e3000000| Untracked 
|  49|0x00000000e3100000, 0x00000000e3100000, 0x00000000e3200000|  0%| F|  |TAMS 0x00000000e3100000| PB 0x00000000e3100000| Untracked 
|  50|0x00000000e3200000, 0x00000000e3200000, 0x00000000e3300000|  0%| F|  |TAMS 0x00000000e3200000| PB 0x00000000e3200000| Untracked 
|  51|0x00000000e3300000, 0x00000000e3300000, 0x00000000e3400000|  0%| F|  |TAMS 0x00000000e3300000| PB 0x00000000e3300000| Untracked 
|  52|0x00000000e3400000, 0x00000000e3400000, 0x00000000e3500000|  0%| F|  |TAMS 0x00000000e3400000| PB 0x00000000e3400000| Untracked 
|  53|0x00000000e3500000, 0x00000000e3500000, 0x00000000e3600000|  0%| F|  |TAMS 0x00000000e3500000| PB 0x00000000e3500000| Untracked 
|  54|0x00000000e3600000, 0x00000000e3600000, 0x00000000e3700000|  0%| F|  |TAMS 0x00000000e3600000| PB 0x00000000e3600000| Untracked 
|  55|0x00000000e3700000, 0x00000000e3700000, 0x00000000e3800000|  0%| F|  |TAMS 0x00000000e3700000| PB 0x00000000e3700000| Untracked 
|  56|0x00000000e3800000, 0x00000000e3800000, 0x00000000e3900000|  0%| F|  |TAMS 0x00000000e3800000| PB 0x00000000e3800000| Untracked 
|  57|0x00000000e3900000, 0x00000000e3900000, 0x00000000e3a00000|  0%| F|  |TAMS 0x00000000e3900000| PB 0x00000000e3900000| Untracked 
|  58|0x00000000e3a00000, 0x00000000e3a00000, 0x00000000e3b00000|  0%| F|  |TAMS 0x00000000e3a00000| PB 0x00000000e3a00000| Untracked 
|  59|0x00000000e3b00000, 0x00000000e3b00000, 0x00000000e3c00000|  0%| F|  |TAMS 0x00000000e3b00000| PB 0x00000000e3b00000| Untracked 
|  60|0x00000000e3c00000, 0x00000000e3c00000, 0x00000000e3d00000|  0%| F|  |TAMS 0x00000000e3c00000| PB 0x00000000e3c00000| Untracked 
|  61|0x00000000e3d00000, 0x00000000e3d00000, 0x00000000e3e00000|  0%| F|  |TAMS 0x00000000e3d00000| PB 0x00000000e3d00000| Untracked 
|  62|0x00000000e3e00000, 0x00000000e3e00000, 0x00000000e3f00000|  0%| F|  |TAMS 0x00000000e3e00000| PB 0x00000000e3e00000| Untracked 
|  63|0x00000000e3f00000, 0x00000000e3f00000, 0x00000000e4000000|  0%| F|  |TAMS 0x00000000e3f00000| PB 0x00000000e3f00000| Untracked 
|  64|0x00000000e4000000, 0x00000000e4000000, 0x00000000e4100000|  0%| F|  |TAMS 0x00000000e4000000| PB 0x00000000e4000000| Untracked 
|  65|0x00000000e4100000, 0x00000000e4100000, 0x00000000e4200000|  0%| F|  |TAMS 0x00000000e4100000| PB 0x00000000e4100000| Untracked 
|  66|0x00000000e4200000, 0x00000000e4200000, 0x00000000e4300000|  0%| F|  |TAMS 0x00000000e4200000| PB 0x00000000e4200000| Untracked 
|  67|0x00000000e4300000, 0x00000000e4300000, 0x00000000e4400000|  0%| F|  |TAMS 0x00000000e4300000| PB 0x00000000e4300000| Untracked 
|  68|0x00000000e4400000, 0x00000000e4400000, 0x00000000e4500000|  0%| F|  |TAMS 0x00000000e4400000| PB 0x00000000e4400000| Untracked 
|  69|0x00000000e4500000, 0x00000000e4500000, 0x00000000e4600000|  0%| F|  |TAMS 0x00000000e4500000| PB 0x00000000e4500000| Untracked 
|  70|0x00000000e4600000, 0x00000000e4600000, 0x00000000e4700000|  0%| F|  |TAMS 0x00000000e4600000| PB 0x00000000e4600000| Untracked 
|  71|0x00000000e4700000, 0x00000000e4700000, 0x00000000e4800000|  0%| F|  |TAMS 0x00000000e4700000| PB 0x00000000e4700000| Untracked 
|  72|0x00000000e4800000, 0x00000000e4800000, 0x00000000e4900000|  0%| F|  |TAMS 0x00000000e4800000| PB 0x00000000e4800000| Untracked 
|  73|0x00000000e4900000, 0x00000000e4900000, 0x00000000e4a00000|  0%| F|  |TAMS 0x00000000e4900000| PB 0x00000000e4900000| Untracked 
|  74|0x00000000e4a00000, 0x00000000e4a00000, 0x00000000e4b00000|  0%| F|  |TAMS 0x00000000e4a00000| PB 0x00000000e4a00000| Untracked 
|  75|0x00000000e4b00000, 0x00000000e4b00000, 0x00000000e4c00000|  0%| F|  |TAMS 0x00000000e4b00000| PB 0x00000000e4b00000| Untracked 
|  76|0x00000000e4c00000, 0x00000000e4c00000, 0x00000000e4d00000|  0%| F|  |TAMS 0x00000000e4c00000| PB 0x00000000e4c00000| Untracked 
|  77|0x00000000e4d00000, 0x00000000e4d00000, 0x00000000e4e00000|  0%| F|  |TAMS 0x00000000e4d00000| PB 0x00000000e4d00000| Untracked 
|  78|0x00000000e4e00000, 0x00000000e4e00000, 0x00000000e4f00000|  0%| F|  |TAMS 0x00000000e4e00000| PB 0x00000000e4e00000| Untracked 
|  79|0x00000000e4f00000, 0x00000000e4f00000, 0x00000000e5000000|  0%| F|  |TAMS 0x00000000e4f00000| PB 0x00000000e4f00000| Untracked 
|  80|0x00000000e5000000, 0x00000000e5000000, 0x00000000e5100000|  0%| F|  |TAMS 0x00000000e5000000| PB 0x00000000e5000000| Untracked 
|  81|0x00000000e5100000, 0x00000000e5100000, 0x00000000e5200000|  0%| F|  |TAMS 0x00000000e5100000| PB 0x00000000e5100000| Untracked 
|  82|0x00000000e5200000, 0x00000000e5200000, 0x00000000e5300000|  0%| F|  |TAMS 0x00000000e5200000| PB 0x00000000e5200000| Untracked 
|  83|0x00000000e5300000, 0x00000000e5300000, 0x00000000e5400000|  0%| F|  |TAMS 0x00000000e5300000| PB 0x00000000e5300000| Untracked 
|  84|0x00000000e5400000, 0x00000000e5400000, 0x00000000e5500000|  0%| F|  |TAMS 0x00000000e5400000| PB 0x00000000e5400000| Untracked 
|  85|0x00000000e5500000, 0x00000000e5500000, 0x00000000e5600000|  0%| F|  |TAMS 0x00000000e5500000| PB 0x00000000e5500000| Untracked 
|  86|0x00000000e5600000, 0x00000000e5600000, 0x00000000e5700000|  0%| F|  |TAMS 0x00000000e5600000| PB 0x00000000e5600000| Untracked 
|  87|0x00000000e5700000, 0x00000000e5700000, 0x00000000e5800000|  0%| F|  |TAMS 0x00000000e5700000| PB 0x00000000e5700000| Untracked 
|  88|0x00000000e5800000, 0x00000000e5800000, 0x00000000e5900000|  0%| F|  |TAMS 0x00000000e5800000| PB 0x00000000e5800000| Untracked 
|  89|0x00000000e5900000, 0x00000000e5900000, 0x00000000e5a00000|  0%| F|  |TAMS 0x00000000e5900000| PB 0x00000000e5900000| Untracked 
|  90|0x00000000e5a00000, 0x00000000e5a00000, 0x00000000e5b00000|  0%| F|  |TAMS 0x00000000e5a00000| PB 0x00000000e5a00000| Untracked 
|  91|0x00000000e5b00000, 0x00000000e5b00000, 0x00000000e5c00000|  0%| F|  |TAMS 0x00000000e5b00000| PB 0x00000000e5b00000| Untracked 
|  92|0x00000000e5c00000, 0x00000000e5c00000, 0x00000000e5d00000|  0%| F|  |TAMS 0x00000000e5c00000| PB 0x00000000e5c00000| Untracked 
|  93|0x00000000e5d00000, 0x00000000e5d00000, 0x00000000e5e00000|  0%| F|  |TAMS 0x00000000e5d00000| PB 0x00000000e5d00000| Untracked 
|  94|0x00000000e5e00000, 0x00000000e5e00000, 0x00000000e5f00000|  0%| F|  |TAMS 0x00000000e5e00000| PB 0x00000000e5e00000| Untracked 
|  95|0x00000000e5f00000, 0x00000000e5f00000, 0x00000000e6000000|  0%| F|  |TAMS 0x00000000e5f00000| PB 0x00000000e5f00000| Untracked 
|  96|0x00000000e6000000, 0x00000000e6000000, 0x00000000e6100000|  0%| F|  |TAMS 0x00000000e6000000| PB 0x00000000e6000000| Untracked 
|  97|0x00000000e6100000, 0x00000000e6100000, 0x00000000e6200000|  0%| F|  |TAMS 0x00000000e6100000| PB 0x00000000e6100000| Untracked 
|  98|0x00000000e6200000, 0x00000000e6200000, 0x00000000e6300000|  0%| F|  |TAMS 0x00000000e6200000| PB 0x00000000e6200000| Untracked 
|  99|0x00000000e6300000, 0x00000000e6300000, 0x00000000e6400000|  0%| F|  |TAMS 0x00000000e6300000| PB 0x00000000e6300000| Untracked 
| 100|0x00000000e6400000, 0x00000000e6400000, 0x00000000e6500000|  0%| F|  |TAMS 0x00000000e6400000| PB 0x00000000e6400000| Untracked 
| 101|0x00000000e6500000, 0x00000000e6500000, 0x00000000e6600000|  0%| F|  |TAMS 0x00000000e6500000| PB 0x00000000e6500000| Untracked 
| 102|0x00000000e6600000, 0x00000000e6600000, 0x00000000e6700000|  0%| F|  |TAMS 0x00000000e6600000| PB 0x00000000e6600000| Untracked 
| 103|0x00000000e6700000, 0x00000000e6700000, 0x00000000e6800000|  0%| F|  |TAMS 0x00000000e6700000| PB 0x00000000e6700000| Untracked 
| 104|0x00000000e6800000, 0x00000000e6800000, 0x00000000e6900000|  0%| F|  |TAMS 0x00000000e6800000| PB 0x00000000e6800000| Untracked 
| 105|0x00000000e6900000, 0x00000000e6900000, 0x00000000e6a00000|  0%| F|  |TAMS 0x00000000e6900000| PB 0x00000000e6900000| Untracked 
| 106|0x00000000e6a00000, 0x00000000e6a00000, 0x00000000e6b00000|  0%| F|  |TAMS 0x00000000e6a00000| PB 0x00000000e6a00000| Untracked 
| 107|0x00000000e6b00000, 0x00000000e6b00000, 0x00000000e6c00000|  0%| F|  |TAMS 0x00000000e6b00000| PB 0x00000000e6b00000| Untracked 
| 108|0x00000000e6c00000, 0x00000000e6c00000, 0x00000000e6d00000|  0%| F|  |TAMS 0x00000000e6c00000| PB 0x00000000e6c00000| Untracked 
| 109|0x00000000e6d00000, 0x00000000e6d00000, 0x00000000e6e00000|  0%| F|  |TAMS 0x00000000e6d00000| PB 0x00000000e6d00000| Untracked 
| 110|0x00000000e6e00000, 0x00000000e6e00000, 0x00000000e6f00000|  0%| F|  |TAMS 0x00000000e6e00000| PB 0x00000000e6e00000| Untracked 
| 111|0x00000000e6f00000, 0x00000000e6f00000, 0x00000000e7000000|  0%| F|  |TAMS 0x00000000e6f00000| PB 0x00000000e6f00000| Untracked 
| 112|0x00000000e7000000, 0x00000000e7000000, 0x00000000e7100000|  0%| F|  |TAMS 0x00000000e7000000| PB 0x00000000e7000000| Untracked 
| 113|0x00000000e7100000, 0x00000000e7100000, 0x00000000e7200000|  0%| F|  |TAMS 0x00000000e7100000| PB 0x00000000e7100000| Untracked 
| 114|0x00000000e7200000, 0x00000000e7200000, 0x00000000e7300000|  0%| F|  |TAMS 0x00000000e7200000| PB 0x00000000e7200000| Untracked 
| 115|0x00000000e7300000, 0x00000000e7300000, 0x00000000e7400000|  0%| F|  |TAMS 0x00000000e7300000| PB 0x00000000e7300000| Untracked 
| 116|0x00000000e7400000, 0x00000000e7400000, 0x00000000e7500000|  0%| F|  |TAMS 0x00000000e7400000| PB 0x00000000e7400000| Untracked 
| 117|0x00000000e7500000, 0x00000000e7500000, 0x00000000e7600000|  0%| F|  |TAMS 0x00000000e7500000| PB 0x00000000e7500000| Untracked 
| 118|0x00000000e7600000, 0x00000000e7600000, 0x00000000e7700000|  0%| F|  |TAMS 0x00000000e7600000| PB 0x00000000e7600000| Untracked 
| 119|0x00000000e7700000, 0x00000000e7700000, 0x00000000e7800000|  0%| F|  |TAMS 0x00000000e7700000| PB 0x00000000e7700000| Untracked 
| 120|0x00000000e7800000, 0x00000000e7800000, 0x00000000e7900000|  0%| F|  |TAMS 0x00000000e7800000| PB 0x00000000e7800000| Untracked 
| 121|0x00000000e7900000, 0x00000000e7900000, 0x00000000e7a00000|  0%| F|  |TAMS 0x00000000e7900000| PB 0x00000000e7900000| Untracked 
| 122|0x00000000e7a00000, 0x00000000e7a00000, 0x00000000e7b00000|  0%| F|  |TAMS 0x00000000e7a00000| PB 0x00000000e7a00000| Untracked 
| 123|0x00000000e7b00000, 0x00000000e7b00000, 0x00000000e7c00000|  0%| F|  |TAMS 0x00000000e7b00000| PB 0x00000000e7b00000| Untracked 
| 124|0x00000000e7c00000, 0x00000000e7c00000, 0x00000000e7d00000|  0%| F|  |TAMS 0x00000000e7c00000| PB 0x00000000e7c00000| Untracked 
| 125|0x00000000e7d00000, 0x00000000e7d00000, 0x00000000e7e00000|  0%| F|  |TAMS 0x00000000e7d00000| PB 0x00000000e7d00000| Untracked 
| 126|0x00000000e7e00000, 0x00000000e7e00000, 0x00000000e7f00000|  0%| F|  |TAMS 0x00000000e7e00000| PB 0x00000000e7e00000| Untracked 
| 127|0x00000000e7f00000, 0x00000000e7f00000, 0x00000000e8000000|  0%| F|  |TAMS 0x00000000e7f00000| PB 0x00000000e7f00000| Untracked 
| 128|0x00000000e8000000, 0x00000000e8000000, 0x00000000e8100000|  0%| F|  |TAMS 0x00000000e8000000| PB 0x00000000e8000000| Untracked 
| 129|0x00000000e8100000, 0x00000000e8100000, 0x00000000e8200000|  0%| F|  |TAMS 0x00000000e8100000| PB 0x00000000e8100000| Untracked 
| 130|0x00000000e8200000, 0x00000000e8200000, 0x00000000e8300000|  0%| F|  |TAMS 0x00000000e8200000| PB 0x00000000e8200000| Untracked 
| 131|0x00000000e8300000, 0x00000000e8300000, 0x00000000e8400000|  0%| F|  |TAMS 0x00000000e8300000| PB 0x00000000e8300000| Untracked 
| 132|0x00000000e8400000, 0x00000000e8400000, 0x00000000e8500000|  0%| F|  |TAMS 0x00000000e8400000| PB 0x00000000e8400000| Untracked 
| 133|0x00000000e8500000, 0x00000000e8500000, 0x00000000e8600000|  0%| F|  |TAMS 0x00000000e8500000| PB 0x00000000e8500000| Untracked 
| 134|0x00000000e8600000, 0x00000000e8600000, 0x00000000e8700000|  0%| F|  |TAMS 0x00000000e8600000| PB 0x00000000e8600000| Untracked 
| 135|0x00000000e8700000, 0x00000000e8700000, 0x00000000e8800000|  0%| F|  |TAMS 0x00000000e8700000| PB 0x00000000e8700000| Untracked 
| 136|0x00000000e8800000, 0x00000000e8800000, 0x00000000e8900000|  0%| F|  |TAMS 0x00000000e8800000| PB 0x00000000e8800000| Untracked 
| 137|0x00000000e8900000, 0x00000000e8900000, 0x00000000e8a00000|  0%| F|  |TAMS 0x00000000e8900000| PB 0x00000000e8900000| Untracked 
| 138|0x00000000e8a00000, 0x00000000e8a00000, 0x00000000e8b00000|  0%| F|  |TAMS 0x00000000e8a00000| PB 0x00000000e8a00000| Untracked 
| 139|0x00000000e8b00000, 0x00000000e8b00000, 0x00000000e8c00000|  0%| F|  |TAMS 0x00000000e8b00000| PB 0x00000000e8b00000| Untracked 
| 140|0x00000000e8c00000, 0x00000000e8c00000, 0x00000000e8d00000|  0%| F|  |TAMS 0x00000000e8c00000| PB 0x00000000e8c00000| Untracked 
| 141|0x00000000e8d00000, 0x00000000e8d00000, 0x00000000e8e00000|  0%| F|  |TAMS 0x00000000e8d00000| PB 0x00000000e8d00000| Untracked 
| 142|0x00000000e8e00000, 0x00000000e8e00000, 0x00000000e8f00000|  0%| F|  |TAMS 0x00000000e8e00000| PB 0x00000000e8e00000| Untracked 
| 143|0x00000000e8f00000, 0x00000000e8f00000, 0x00000000e9000000|  0%| F|  |TAMS 0x00000000e8f00000| PB 0x00000000e8f00000| Untracked 
| 144|0x00000000e9000000, 0x00000000e9000000, 0x00000000e9100000|  0%| F|  |TAMS 0x00000000e9000000| PB 0x00000000e9000000| Untracked 
| 145|0x00000000e9100000, 0x00000000e9100000, 0x00000000e9200000|  0%| F|  |TAMS 0x00000000e9100000| PB 0x00000000e9100000| Untracked 
| 146|0x00000000e9200000, 0x00000000e9200000, 0x00000000e9300000|  0%| F|  |TAMS 0x00000000e9200000| PB 0x00000000e9200000| Untracked 
| 147|0x00000000e9300000, 0x00000000e9300000, 0x00000000e9400000|  0%| F|  |TAMS 0x00000000e9300000| PB 0x00000000e9300000| Untracked 
| 148|0x00000000e9400000, 0x00000000e9400000, 0x00000000e9500000|  0%| F|  |TAMS 0x00000000e9400000| PB 0x00000000e9400000| Untracked 
| 149|0x00000000e9500000, 0x00000000e9500000, 0x00000000e9600000|  0%| F|  |TAMS 0x00000000e9500000| PB 0x00000000e9500000| Untracked 
| 150|0x00000000e9600000, 0x00000000e9600000, 0x00000000e9700000|  0%| F|  |TAMS 0x00000000e9600000| PB 0x00000000e9600000| Untracked 
| 151|0x00000000e9700000, 0x00000000e9700000, 0x00000000e9800000|  0%| F|  |TAMS 0x00000000e9700000| PB 0x00000000e9700000| Untracked 
| 152|0x00000000e9800000, 0x00000000e9800000, 0x00000000e9900000|  0%| F|  |TAMS 0x00000000e9800000| PB 0x00000000e9800000| Untracked 
| 153|0x00000000e9900000, 0x00000000e9900000, 0x00000000e9a00000|  0%| F|  |TAMS 0x00000000e9900000| PB 0x00000000e9900000| Untracked 
| 154|0x00000000e9a00000, 0x00000000e9a00000, 0x00000000e9b00000|  0%| F|  |TAMS 0x00000000e9a00000| PB 0x00000000e9a00000| Untracked 
| 155|0x00000000e9b00000, 0x00000000e9b00000, 0x00000000e9c00000|  0%| F|  |TAMS 0x00000000e9b00000| PB 0x00000000e9b00000| Untracked 
| 156|0x00000000e9c00000, 0x00000000e9c00000, 0x00000000e9d00000|  0%| F|  |TAMS 0x00000000e9c00000| PB 0x00000000e9c00000| Untracked 
| 157|0x00000000e9d00000, 0x00000000e9d00000, 0x00000000e9e00000|  0%| F|  |TAMS 0x00000000e9d00000| PB 0x00000000e9d00000| Untracked 
| 158|0x00000000e9e00000, 0x00000000e9e00000, 0x00000000e9f00000|  0%| F|  |TAMS 0x00000000e9e00000| PB 0x00000000e9e00000| Untracked 
| 159|0x00000000e9f00000, 0x00000000e9f00000, 0x00000000ea000000|  0%| F|  |TAMS 0x00000000e9f00000| PB 0x00000000e9f00000| Untracked 
| 160|0x00000000ea000000, 0x00000000ea000000, 0x00000000ea100000|  0%| F|  |TAMS 0x00000000ea000000| PB 0x00000000ea000000| Untracked 
| 161|0x00000000ea100000, 0x00000000ea100000, 0x00000000ea200000|  0%| F|  |TAMS 0x00000000ea100000| PB 0x00000000ea100000| Untracked 
| 162|0x00000000ea200000, 0x00000000ea200000, 0x00000000ea300000|  0%| F|  |TAMS 0x00000000ea200000| PB 0x00000000ea200000| Untracked 
| 163|0x00000000ea300000, 0x00000000ea300000, 0x00000000ea400000|  0%| F|  |TAMS 0x00000000ea300000| PB 0x00000000ea300000| Untracked 
| 164|0x00000000ea400000, 0x00000000ea400000, 0x00000000ea500000|  0%| F|  |TAMS 0x00000000ea400000| PB 0x00000000ea400000| Untracked 
| 165|0x00000000ea500000, 0x00000000ea500000, 0x00000000ea600000|  0%| F|  |TAMS 0x00000000ea500000| PB 0x00000000ea500000| Untracked 
| 166|0x00000000ea600000, 0x00000000ea600000, 0x00000000ea700000|  0%| F|  |TAMS 0x00000000ea600000| PB 0x00000000ea600000| Untracked 
| 167|0x00000000ea700000, 0x00000000ea700000, 0x00000000ea800000|  0%| F|  |TAMS 0x00000000ea700000| PB 0x00000000ea700000| Untracked 
| 168|0x00000000ea800000, 0x00000000ea800000, 0x00000000ea900000|  0%| F|  |TAMS 0x00000000ea800000| PB 0x00000000ea800000| Untracked 
| 169|0x00000000ea900000, 0x00000000ea900000, 0x00000000eaa00000|  0%| F|  |TAMS 0x00000000ea900000| PB 0x00000000ea900000| Untracked 
| 170|0x00000000eaa00000, 0x00000000eaa00000, 0x00000000eab00000|  0%| F|  |TAMS 0x00000000eaa00000| PB 0x00000000eaa00000| Untracked 
| 171|0x00000000eab00000, 0x00000000eab00000, 0x00000000eac00000|  0%| F|  |TAMS 0x00000000eab00000| PB 0x00000000eab00000| Untracked 
| 172|0x00000000eac00000, 0x00000000eac00000, 0x00000000ead00000|  0%| F|  |TAMS 0x00000000eac00000| PB 0x00000000eac00000| Untracked 
| 173|0x00000000ead00000, 0x00000000ead00000, 0x00000000eae00000|  0%| F|  |TAMS 0x00000000ead00000| PB 0x00000000ead00000| Untracked 
| 174|0x00000000eae00000, 0x00000000eae00000, 0x00000000eaf00000|  0%| F|  |TAMS 0x00000000eae00000| PB 0x00000000eae00000| Untracked 
| 175|0x00000000eaf00000, 0x00000000eaf00000, 0x00000000eb000000|  0%| F|  |TAMS 0x00000000eaf00000| PB 0x00000000eaf00000| Untracked 
| 176|0x00000000eb000000, 0x00000000eb000000, 0x00000000eb100000|  0%| F|  |TAMS 0x00000000eb000000| PB 0x00000000eb000000| Untracked 
| 177|0x00000000eb100000, 0x00000000eb100000, 0x00000000eb200000|  0%| F|  |TAMS 0x00000000eb100000| PB 0x00000000eb100000| Untracked 
| 178|0x00000000eb200000, 0x00000000eb200000, 0x00000000eb300000|  0%| F|  |TAMS 0x00000000eb200000| PB 0x00000000eb200000| Untracked 
| 179|0x00000000eb300000, 0x00000000eb400000, 0x00000000eb400000|100%| S|CS|TAMS 0x00000000eb300000| PB 0x00000000eb300000| Complete 
| 180|0x00000000eb400000, 0x00000000eb500000, 0x00000000eb500000|100%| S|CS|TAMS 0x00000000eb400000| PB 0x00000000eb400000| Complete 
| 181|0x00000000eb500000, 0x00000000eb600000, 0x00000000eb600000|100%| S|CS|TAMS 0x00000000eb500000| PB 0x00000000eb500000| Complete 
| 182|0x00000000eb600000, 0x00000000eb700000, 0x00000000eb700000|100%| S|CS|TAMS 0x00000000eb600000| PB 0x00000000eb600000| Complete 
| 183|0x00000000eb700000, 0x00000000eb800000, 0x00000000eb800000|100%| S|CS|TAMS 0x00000000eb700000| PB 0x00000000eb700000| Complete 
| 184|0x00000000eb800000, 0x00000000eb900000, 0x00000000eb900000|100%| S|CS|TAMS 0x00000000eb800000| PB 0x00000000eb800000| Complete 
| 185|0x00000000eb900000, 0x00000000eba00000, 0x00000000eba00000|100%| S|CS|TAMS 0x00000000eb900000| PB 0x00000000eb900000| Complete 
| 186|0x00000000eba00000, 0x00000000ebb00000, 0x00000000ebb00000|100%| S|CS|TAMS 0x00000000eba00000| PB 0x00000000eba00000| Complete 
| 187|0x00000000ebb00000, 0x00000000ebc00000, 0x00000000ebc00000|100%| S|CS|TAMS 0x00000000ebb00000| PB 0x00000000ebb00000| Complete 
| 188|0x00000000ebc00000, 0x00000000ebc00000, 0x00000000ebd00000|  0%| F|  |TAMS 0x00000000ebc00000| PB 0x00000000ebc00000| Untracked 
| 189|0x00000000ebd00000, 0x00000000ebd00000, 0x00000000ebe00000|  0%| F|  |TAMS 0x00000000ebd00000| PB 0x00000000ebd00000| Untracked 
| 190|0x00000000ebe00000, 0x00000000ebe00000, 0x00000000ebf00000|  0%| F|  |TAMS 0x00000000ebe00000| PB 0x00000000ebe00000| Untracked 
| 191|0x00000000ebf00000, 0x00000000ebf00000, 0x00000000ec000000|  0%| F|  |TAMS 0x00000000ebf00000| PB 0x00000000ebf00000| Untracked 
| 192|0x00000000ec000000, 0x00000000ec000000, 0x00000000ec100000|  0%| F|  |TAMS 0x00000000ec000000| PB 0x00000000ec000000| Untracked 
| 193|0x00000000ec100000, 0x00000000ec100000, 0x00000000ec200000|  0%| F|  |TAMS 0x00000000ec100000| PB 0x00000000ec100000| Untracked 
| 194|0x00000000ec200000, 0x00000000ec200000, 0x00000000ec300000|  0%| F|  |TAMS 0x00000000ec200000| PB 0x00000000ec200000| Untracked 
| 195|0x00000000ec300000, 0x00000000ec300000, 0x00000000ec400000|  0%| F|  |TAMS 0x00000000ec300000| PB 0x00000000ec300000| Untracked 
| 196|0x00000000ec400000, 0x00000000ec400000, 0x00000000ec500000|  0%| F|  |TAMS 0x00000000ec400000| PB 0x00000000ec400000| Untracked 
| 197|0x00000000ec500000, 0x00000000ec500000, 0x00000000ec600000|  0%| F|  |TAMS 0x00000000ec500000| PB 0x00000000ec500000| Untracked 
| 198|0x00000000ec600000, 0x00000000ec600000, 0x00000000ec700000|  0%| F|  |TAMS 0x00000000ec600000| PB 0x00000000ec600000| Untracked 
| 199|0x00000000ec700000, 0x00000000ec700000, 0x00000000ec800000|  0%| F|  |TAMS 0x00000000ec700000| PB 0x00000000ec700000| Untracked 
| 200|0x00000000ec800000, 0x00000000ec800000, 0x00000000ec900000|  0%| F|  |TAMS 0x00000000ec800000| PB 0x00000000ec800000| Untracked 
| 201|0x00000000ec900000, 0x00000000ec900000, 0x00000000eca00000|  0%| F|  |TAMS 0x00000000ec900000| PB 0x00000000ec900000| Untracked 
| 202|0x00000000eca00000, 0x00000000eca00000, 0x00000000ecb00000|  0%| F|  |TAMS 0x00000000eca00000| PB 0x00000000eca00000| Untracked 
| 203|0x00000000ecb00000, 0x00000000ecb00000, 0x00000000ecc00000|  0%| F|  |TAMS 0x00000000ecb00000| PB 0x00000000ecb00000| Untracked 
| 204|0x00000000ecc00000, 0x00000000ecc00000, 0x00000000ecd00000|  0%| F|  |TAMS 0x00000000ecc00000| PB 0x00000000ecc00000| Untracked 
| 205|0x00000000ecd00000, 0x00000000ecd00000, 0x00000000ece00000|  0%| F|  |TAMS 0x00000000ecd00000| PB 0x00000000ecd00000| Untracked 
| 206|0x00000000ece00000, 0x00000000ece00000, 0x00000000ecf00000|  0%| F|  |TAMS 0x00000000ece00000| PB 0x00000000ece00000| Untracked 
| 207|0x00000000ecf00000, 0x00000000ecf00000, 0x00000000ed000000|  0%| F|  |TAMS 0x00000000ecf00000| PB 0x00000000ecf00000| Untracked 
| 208|0x00000000ed000000, 0x00000000ed000000, 0x00000000ed100000|  0%| F|  |TAMS 0x00000000ed000000| PB 0x00000000ed000000| Untracked 
| 209|0x00000000ed100000, 0x00000000ed100000, 0x00000000ed200000|  0%| F|  |TAMS 0x00000000ed100000| PB 0x00000000ed100000| Untracked 
| 210|0x00000000ed200000, 0x00000000ed200000, 0x00000000ed300000|  0%| F|  |TAMS 0x00000000ed200000| PB 0x00000000ed200000| Untracked 
| 211|0x00000000ed300000, 0x00000000ed300000, 0x00000000ed400000|  0%| F|  |TAMS 0x00000000ed300000| PB 0x00000000ed300000| Untracked 
| 212|0x00000000ed400000, 0x00000000ed400000, 0x00000000ed500000|  0%| F|  |TAMS 0x00000000ed400000| PB 0x00000000ed400000| Untracked 
| 213|0x00000000ed500000, 0x00000000ed500000, 0x00000000ed600000|  0%| F|  |TAMS 0x00000000ed500000| PB 0x00000000ed500000| Untracked 
| 214|0x00000000ed600000, 0x00000000ed600000, 0x00000000ed700000|  0%| F|  |TAMS 0x00000000ed600000| PB 0x00000000ed600000| Untracked 
| 215|0x00000000ed700000, 0x00000000ed700000, 0x00000000ed800000|  0%| F|  |TAMS 0x00000000ed700000| PB 0x00000000ed700000| Untracked 
| 216|0x00000000ed800000, 0x00000000ed800000, 0x00000000ed900000|  0%| F|  |TAMS 0x00000000ed800000| PB 0x00000000ed800000| Untracked 
| 217|0x00000000ed900000, 0x00000000ed900000, 0x00000000eda00000|  0%| F|  |TAMS 0x00000000ed900000| PB 0x00000000ed900000| Untracked 
| 218|0x00000000eda00000, 0x00000000eda00000, 0x00000000edb00000|  0%| F|  |TAMS 0x00000000eda00000| PB 0x00000000eda00000| Untracked 
| 219|0x00000000edb00000, 0x00000000edb00000, 0x00000000edc00000|  0%| F|  |TAMS 0x00000000edb00000| PB 0x00000000edb00000| Untracked 
| 220|0x00000000edc00000, 0x00000000edc00000, 0x00000000edd00000|  0%| F|  |TAMS 0x00000000edc00000| PB 0x00000000edc00000| Untracked 
| 221|0x00000000edd00000, 0x00000000edd00000, 0x00000000ede00000|  0%| F|  |TAMS 0x00000000edd00000| PB 0x00000000edd00000| Untracked 
| 222|0x00000000ede00000, 0x00000000ede00000, 0x00000000edf00000|  0%| F|  |TAMS 0x00000000ede00000| PB 0x00000000ede00000| Untracked 
| 223|0x00000000edf00000, 0x00000000edf00000, 0x00000000ee000000|  0%| F|  |TAMS 0x00000000edf00000| PB 0x00000000edf00000| Untracked 
| 224|0x00000000ee000000, 0x00000000ee000000, 0x00000000ee100000|  0%| F|  |TAMS 0x00000000ee000000| PB 0x00000000ee000000| Untracked 
| 225|0x00000000ee100000, 0x00000000ee100000, 0x00000000ee200000|  0%| F|  |TAMS 0x00000000ee100000| PB 0x00000000ee100000| Untracked 
| 226|0x00000000ee200000, 0x00000000ee200000, 0x00000000ee300000|  0%| F|  |TAMS 0x00000000ee200000| PB 0x00000000ee200000| Untracked 
| 227|0x00000000ee300000, 0x00000000ee300000, 0x00000000ee400000|  0%| F|  |TAMS 0x00000000ee300000| PB 0x00000000ee300000| Untracked 
| 228|0x00000000ee400000, 0x00000000ee400000, 0x00000000ee500000|  0%| F|  |TAMS 0x00000000ee400000| PB 0x00000000ee400000| Untracked 
| 229|0x00000000ee500000, 0x00000000ee500000, 0x00000000ee600000|  0%| F|  |TAMS 0x00000000ee500000| PB 0x00000000ee500000| Untracked 
| 230|0x00000000ee600000, 0x00000000ee600000, 0x00000000ee700000|  0%| F|  |TAMS 0x00000000ee600000| PB 0x00000000ee600000| Untracked 
| 231|0x00000000ee700000, 0x00000000ee700000, 0x00000000ee800000|  0%| F|  |TAMS 0x00000000ee700000| PB 0x00000000ee700000| Untracked 
| 232|0x00000000ee800000, 0x00000000ee800000, 0x00000000ee900000|  0%| F|  |TAMS 0x00000000ee800000| PB 0x00000000ee800000| Untracked 
| 233|0x00000000ee900000, 0x00000000ee900000, 0x00000000eea00000|  0%| F|  |TAMS 0x00000000ee900000| PB 0x00000000ee900000| Untracked 
| 234|0x00000000eea00000, 0x00000000eea00000, 0x00000000eeb00000|  0%| F|  |TAMS 0x00000000eea00000| PB 0x00000000eea00000| Untracked 
| 235|0x00000000eeb00000, 0x00000000eeb00000, 0x00000000eec00000|  0%| F|  |TAMS 0x00000000eeb00000| PB 0x00000000eeb00000| Untracked 
| 236|0x00000000eec00000, 0x00000000eec00000, 0x00000000eed00000|  0%| F|  |TAMS 0x00000000eec00000| PB 0x00000000eec00000| Untracked 
| 237|0x00000000eed00000, 0x00000000eed00000, 0x00000000eee00000|  0%| F|  |TAMS 0x00000000eed00000| PB 0x00000000eed00000| Untracked 
| 238|0x00000000eee00000, 0x00000000eef00000, 0x00000000eef00000|100%| E|  |TAMS 0x00000000eee00000| PB 0x00000000eee00000| Complete 
| 239|0x00000000eef00000, 0x00000000ef000000, 0x00000000ef000000|100%| E|CS|TAMS 0x00000000eef00000| PB 0x00000000eef00000| Complete 
| 240|0x00000000ef000000, 0x00000000ef100000, 0x00000000ef100000|100%| E|CS|TAMS 0x00000000ef000000| PB 0x00000000ef000000| Complete 
| 241|0x00000000ef100000, 0x00000000ef200000, 0x00000000ef200000|100%| E|CS|TAMS 0x00000000ef100000| PB 0x00000000ef100000| Complete 
| 242|0x00000000ef200000, 0x00000000ef300000, 0x00000000ef300000|100%| E|CS|TAMS 0x00000000ef200000| PB 0x00000000ef200000| Complete 
| 243|0x00000000ef300000, 0x00000000ef400000, 0x00000000ef400000|100%| E|CS|TAMS 0x00000000ef300000| PB 0x00000000ef300000| Complete 
| 244|0x00000000ef400000, 0x00000000ef500000, 0x00000000ef500000|100%| E|CS|TAMS 0x00000000ef400000| PB 0x00000000ef400000| Complete 
| 245|0x00000000ef500000, 0x00000000ef600000, 0x00000000ef600000|100%| E|CS|TAMS 0x00000000ef500000| PB 0x00000000ef500000| Complete 
| 246|0x00000000ef600000, 0x00000000ef700000, 0x00000000ef700000|100%| E|CS|TAMS 0x00000000ef600000| PB 0x00000000ef600000| Complete 
| 247|0x00000000ef700000, 0x00000000ef800000, 0x00000000ef800000|100%| E|CS|TAMS 0x00000000ef700000| PB 0x00000000ef700000| Complete 
| 248|0x00000000ef800000, 0x00000000ef900000, 0x00000000ef900000|100%| E|CS|TAMS 0x00000000ef800000| PB 0x00000000ef800000| Complete 
| 249|0x00000000ef900000, 0x00000000efa00000, 0x00000000efa00000|100%| E|CS|TAMS 0x00000000ef900000| PB 0x00000000ef900000| Complete 
| 250|0x00000000efa00000, 0x00000000efb00000, 0x00000000efb00000|100%| E|CS|TAMS 0x00000000efa00000| PB 0x00000000efa00000| Complete 
| 251|0x00000000efb00000, 0x00000000efc00000, 0x00000000efc00000|100%| E|CS|TAMS 0x00000000efb00000| PB 0x00000000efb00000| Complete 
| 252|0x00000000efc00000, 0x00000000efd00000, 0x00000000efd00000|100%| E|CS|TAMS 0x00000000efc00000| PB 0x00000000efc00000| Complete 
| 253|0x00000000efd00000, 0x00000000efe00000, 0x00000000efe00000|100%| E|CS|TAMS 0x00000000efd00000| PB 0x00000000efd00000| Complete 
| 254|0x00000000efe00000, 0x00000000eff00000, 0x00000000eff00000|100%| E|CS|TAMS 0x00000000efe00000| PB 0x00000000efe00000| Complete 
| 255|0x00000000eff00000, 0x00000000f0000000, 0x00000000f0000000|100%| E|CS|TAMS 0x00000000eff00000| PB 0x00000000eff00000| Complete 

Card table byte_map: [0x0000022e747f0000,0x0000022e748f0000] _byte_map_base: 0x0000022e740f0000

Marking Bits: (CMBitMap*) 0x0000022e6a0635e0
 Bits: [0x0000022e748f0000, 0x0000022e750f0000)

Polling page: 0x0000022e69d50000

Metaspace:

Usage:
  Non-class:     11.12 MB used.
      Class:      1.66 MB used.
       Both:     12.78 MB used.

Virtual space:
  Non-class space:       64.00 MB reserved,      11.31 MB ( 18%) committed,  1 nodes.
      Class space:      320.00 MB reserved,       1.88 MB ( <1%) committed,  1 nodes.
             Both:      384.00 MB reserved,      13.19 MB (  3%) committed. 

Chunk freelists:
   Non-Class:  4.36 MB
       Class:  14.16 MB
        Both:  18.52 MB

MaxMetaspaceSize: 384.00 MB
CompressedClassSpaceSize: 320.00 MB
Initial GC threshold: 21.00 MB
Current GC threshold: 21.00 MB
CDS: on
 - commit_granule_bytes: 65536.
 - commit_granule_words: 8192.
 - virtual_space_node_default_size: 8388608.
 - enlarge_chunks_in_place: 1.
 - use_allocation_guard: 0.


Internal statistics:

num_allocs_failed_limit: 0.
num_arena_births: 390.
num_arena_deaths: 0.
num_vsnodes_births: 2.
num_vsnodes_deaths: 0.
num_space_committed: 211.
num_space_uncommitted: 0.
num_chunks_returned_to_freelist: 0.
num_chunks_taken_from_freelist: 788.
num_chunk_merges: 0.
num_chunk_splits: 512.
num_chunks_enlarged: 370.
num_inconsistent_stats: 0.

CodeHeap 'non-profiled nmethods': size=120000Kb used=1229Kb max_used=1229Kb free=118770Kb
 bounds [0x0000022e07ad0000, 0x0000022e07d40000, 0x0000022e0f000000]
CodeHeap 'profiled nmethods': size=120000Kb used=5077Kb max_used=5077Kb free=114922Kb
 bounds [0x0000022e00000000, 0x0000022e00500000, 0x0000022e07530000]
CodeHeap 'non-nmethods': size=5760Kb used=1448Kb max_used=1469Kb free=4311Kb
 bounds [0x0000022e07530000, 0x0000022e077a0000, 0x0000022e07ad0000]
 total_blobs=3129 nmethods=2590 adapters=443
 compilation: enabled
              stopped_count=0, restarted_count=0
 full_count=0

Compilation events (20 events):
Event: 7.191 Thread 0x0000022e7c0135f0 nmethod 2580 0x0000022e004ee610 code [0x0000022e004ee7c0, 0x0000022e004eea00]
Event: 7.191 Thread 0x0000022e7c0135f0 2581       3       jdk.internal.org.objectweb.asm.Frame::putAbstractType (379 bytes)
Event: 7.192 Thread 0x0000022e7c0135f0 nmethod 2581 0x0000022e004eeb10 code [0x0000022e004eef60, 0x0000022e004f0720]
Event: 7.192 Thread 0x0000022e7c0135f0 2582       3       org.gradle.internal.reflect.PropertyAccessorType::of (101 bytes)
Event: 7.193 Thread 0x0000022e7c0135f0 nmethod 2582 0x0000022e004f1190 code [0x0000022e004f14e0, 0x0000022e004f2b58]
Event: 7.193 Thread 0x0000022e7c0135f0 2585       3       java.util.concurrent.ConcurrentHashMap::get (162 bytes)
Event: 7.194 Thread 0x0000022e7c0135f0 nmethod 2585 0x0000022e004f3210 code [0x0000022e004f3460, 0x0000022e004f3f00]
Event: 7.194 Thread 0x0000022e7c0135f0 2583       3       org.gradle.internal.reflect.PropertyAccessorType::isStatic (8 bytes)
Event: 7.194 Thread 0x0000022e7c0135f0 nmethod 2583 0x0000022e004f4210 code [0x0000022e004f43c0, 0x0000022e004f4588]
Event: 7.194 Thread 0x0000022e7c0135f0 2586       3       java.lang.reflect.Modifier::isFinal (13 bytes)
Event: 7.194 Thread 0x0000022e7c0135f0 nmethod 2586 0x0000022e004f4690 code [0x0000022e004f4820, 0x0000022e004f4968]
Event: 7.194 Thread 0x0000022e7c0135f0 2584       3       java.lang.invoke.MethodHandles$Lookup::getDirectConstructorCommon (69 bytes)
Event: 7.194 Thread 0x0000022e7c0135f0 nmethod 2584 0x0000022e004f4a10 code [0x0000022e004f4c20, 0x0000022e004f5150]
Event: 7.194 Thread 0x0000022e7c0135f0 2587       1       java.util.stream.AbstractPipeline::getStreamAndOpFlags (5 bytes)
Event: 7.195 Thread 0x0000022e7c0135f0 nmethod 2587 0x0000022e07c01490 code [0x0000022e07c01620, 0x0000022e07c016e8]
Event: 7.198 Thread 0x0000022e7c0135f0 2588       3       java.lang.reflect.Modifier::isAbstract (14 bytes)
Event: 7.198 Thread 0x0000022e7c0135f0 nmethod 2588 0x0000022e004f5390 code [0x0000022e004f5520, 0x0000022e004f5668]
Event: 7.209 Thread 0x0000022e7c00c7d0 nmethod 2579 0x0000022e07c01a90 code [0x0000022e07c01cc0, 0x0000022e07c02c70]
Event: 7.209 Thread 0x0000022e7c00c7d0 2590       4       java.util.jar.JarFile::maybeInstantiateVerifier (42 bytes)
Event: 7.210 Thread 0x0000022e7c00c7d0 nmethod 2590 0x0000022e07c03390 code [0x0000022e07c03520, 0x0000022e07c03628]

GC Heap History (6 events):
Event: 1.320 GC heap before
{Heap before GC invocations=0 (full 0):
 garbage-first heap   total 262144K, used 23552K [0x00000000e0000000, 0x0000000100000000)
  region size 1024K, 23 young (23552K), 0 survivors (0K)
 Metaspace       used 918K, committed 1088K, reserved 393216K
  class space    used 69K, committed 128K, reserved 327680K
}
Event: 1.345 GC heap after
{Heap after GC invocations=1 (full 0):
 garbage-first heap   total 262144K, used 1450K [0x00000000e0000000, 0x0000000100000000)
  region size 1024K, 2 young (2048K), 2 survivors (2048K)
 Metaspace       used 918K, committed 1088K, reserved 393216K
  class space    used 69K, committed 128K, reserved 327680K
}
Event: 2.602 GC heap before
{Heap before GC invocations=1 (full 0):
 garbage-first heap   total 262144K, used 41386K [0x00000000e0000000, 0x0000000100000000)
  region size 1024K, 39 young (39936K), 2 survivors (2048K)
 Metaspace       used 4392K, committed 4608K, reserved 393216K
  class space    used 540K, committed 640K, reserved 327680K
}
Event: 2.607 GC heap after
{Heap after GC invocations=2 (full 0):
 garbage-first heap   total 262144K, used 10870K [0x00000000e0000000, 0x0000000100000000)
  region size 1024K, 5 young (5120K), 5 survivors (5120K)
 Metaspace       used 4392K, committed 4608K, reserved 393216K
  class space    used 540K, committed 640K, reserved 327680K
}
Event: 5.872 GC heap before
{Heap before GC invocations=2 (full 0):
 garbage-first heap   total 262144K, used 77430K [0x00000000e0000000, 0x0000000100000000)
  region size 1024K, 68 young (69632K), 5 survivors (5120K)
 Metaspace       used 9617K, committed 9984K, reserved 393216K
  class space    used 1247K, committed 1408K, reserved 327680K
}
Event: 5.878 GC heap after
{Heap after GC invocations=3 (full 0):
 garbage-first heap   total 262144K, used 19083K [0x00000000e0000000, 0x0000000100000000)
  region size 1024K, 9 young (9216K), 9 survivors (9216K)
 Metaspace       used 9617K, committed 9984K, reserved 393216K
  class space    used 1247K, committed 1408K, reserved 327680K
}

Dll operation events (15 events):
Event: 0.011 Loaded shared library C:\Program Files\Java\jdk-21\bin\java.dll
Event: 0.047 Loaded shared library C:\Program Files\Java\jdk-21\bin\jsvml.dll
Event: 0.105 Loaded shared library C:\Program Files\Java\jdk-21\bin\zip.dll
Event: 0.114 Loaded shared library C:\Program Files\Java\jdk-21\bin\instrument.dll
Event: 0.118 Loaded shared library C:\Program Files\Java\jdk-21\bin\net.dll
Event: 0.120 Loaded shared library C:\Program Files\Java\jdk-21\bin\nio.dll
Event: 0.124 Loaded shared library C:\Program Files\Java\jdk-21\bin\zip.dll
Event: 1.273 Loaded shared library C:\Program Files\Java\jdk-21\bin\jimage.dll
Event: 1.677 Loaded shared library C:\Program Files\Java\jdk-21\bin\verify.dll
Event: 1.793 Loaded shared library C:\Users\user\.gradle\native\1def1411415f61bf3af743bc5b6707747c0891f09f0c88961ee8f79bc544acac\windows-amd64\native-platform.dll
Event: 1.806 Loaded shared library C:\Users\user\.gradle\native\0.2.7\x86_64-windows-gnu\gradle-fileevents.dll
Event: 4.439 Loaded shared library C:\Program Files\Java\jdk-21\bin\management.dll
Event: 4.452 Loaded shared library C:\Program Files\Java\jdk-21\bin\management_ext.dll
Event: 5.330 Loaded shared library C:\Program Files\Java\jdk-21\bin\extnet.dll
Event: 5.933 Loaded shared library C:\Program Files\Java\jdk-21\bin\sunmscapi.dll

Deoptimization events (20 events):
Event: 6.118 Thread 0x0000022e7c19fd20 Uncommon trap: trap_request=0xffffffc6 fr.pc=0x0000022e07beaf24 relative=0x0000000000000484
Event: 6.118 Thread 0x0000022e7c19fd20 Uncommon trap: reason=bimorphic_or_optimized_type_check action=maybe_recompile pc=0x0000022e07beaf24 method=java.util.HashMap.putVal(ILjava/lang/Object;Ljava/lang/Object;ZZ)Ljava/lang/Object; @ 253 c2
Event: 6.118 Thread 0x0000022e7c19fd20 DEOPT PACKING pc=0x0000022e07beaf24 sp=0x0000004cbbffee80
Event: 6.118 Thread 0x0000022e7c19fd20 DEOPT UNPACKING pc=0x0000022e075846a2 sp=0x0000004cbbffee00 mode 2
Event: 6.837 Thread 0x0000022e7c19fd20 Uncommon trap: trap_request=0xffffffcc fr.pc=0x0000022e07bf508c relative=0x000000000000034c
Event: 6.837 Thread 0x0000022e7c19fd20 Uncommon trap: reason=intrinsic_or_type_checked_inlining action=make_not_entrant pc=0x0000022e07bf508c method=java.util.Arrays.copyOf([Ljava/lang/Object;ILjava/lang/Class;)[Ljava/lang/Object; @ 35 c2
Event: 6.837 Thread 0x0000022e7c19fd20 DEOPT PACKING pc=0x0000022e07bf508c sp=0x0000004cbbffd010
Event: 6.837 Thread 0x0000022e7c19fd20 DEOPT UNPACKING pc=0x0000022e075846a2 sp=0x0000004cbbffcfa0 mode 2
Event: 7.055 Thread 0x0000022e7c19fd20 Uncommon trap: trap_request=0xffffff45 fr.pc=0x0000022e07bd2dd0 relative=0x0000000000000470
Event: 7.056 Thread 0x0000022e7c19fd20 Uncommon trap: reason=unstable_if action=reinterpret pc=0x0000022e07bd2dd0 method=java.util.HashMap.getNode(Ljava/lang/Object;)Ljava/util/HashMap$Node; @ 66 c2
Event: 7.056 Thread 0x0000022e7c19fd20 DEOPT PACKING pc=0x0000022e07bd2dd0 sp=0x0000004cbbffc5e0
Event: 7.056 Thread 0x0000022e7c19fd20 DEOPT UNPACKING pc=0x0000022e075846a2 sp=0x0000004cbbffc500 mode 2
Event: 7.056 Thread 0x0000022e7c19fd20 Uncommon trap: trap_request=0xffffff45 fr.pc=0x0000022e07be6d58 relative=0x00000000000003f8
Event: 7.056 Thread 0x0000022e7c19fd20 Uncommon trap: reason=unstable_if action=reinterpret pc=0x0000022e07be6d58 method=java.util.HashMap.getNode(Ljava/lang/Object;)Ljava/util/HashMap$Node; @ 66 c2
Event: 7.056 Thread 0x0000022e7c19fd20 DEOPT PACKING pc=0x0000022e07be6d58 sp=0x0000004cbbffc580
Event: 7.056 Thread 0x0000022e7c19fd20 DEOPT UNPACKING pc=0x0000022e075846a2 sp=0x0000004cbbffc500 mode 2
Event: 7.188 Thread 0x0000022e7c19fd20 Uncommon trap: trap_request=0xffffff45 fr.pc=0x0000022e07b70098 relative=0x00000000000002d8
Event: 7.188 Thread 0x0000022e7c19fd20 Uncommon trap: reason=unstable_if action=reinterpret pc=0x0000022e07b70098 method=java.util.concurrent.ConcurrentHashMap.get(Ljava/lang/Object;)Ljava/lang/Object; @ 152 c2
Event: 7.188 Thread 0x0000022e7c19fd20 DEOPT PACKING pc=0x0000022e07b70098 sp=0x0000004cbbffbb20
Event: 7.188 Thread 0x0000022e7c19fd20 DEOPT UNPACKING pc=0x0000022e075846a2 sp=0x0000004cbbffba98 mode 2

Classes loaded (20 events):
Event: 7.178 Loading class sun/reflect/generics/tree/BottomSignature
Event: 7.179 Loading class sun/reflect/generics/tree/BottomSignature done
Event: 7.179 Loading class sun/reflect/generics/tree/Wildcard
Event: 7.179 Loading class sun/reflect/generics/tree/Wildcard done
Event: 7.179 Loading class sun/reflect/generics/reflectiveObjects/WildcardTypeImpl
Event: 7.179 Loading class sun/reflect/generics/reflectiveObjects/WildcardTypeImpl done
Event: 7.187 Loading class jdk/internal/vm/annotation/IntrinsicCandidate
Event: 7.187 Loading class jdk/internal/vm/annotation/IntrinsicCandidate done
Event: 7.193 Loading class java/util/stream/MatchOps$MatchKind
Event: 7.193 Loading class java/util/stream/MatchOps$MatchKind done
Event: 7.193 Loading class java/util/stream/MatchOps
Event: 7.193 Loading class java/util/stream/MatchOps done
Event: 7.193 Loading class java/util/stream/MatchOps$MatchOp
Event: 7.193 Loading class java/util/stream/MatchOps$MatchOp done
Event: 7.193 Loading class java/util/stream/MatchOps$BooleanTerminalSink
Event: 7.193 Loading class java/util/stream/MatchOps$BooleanTerminalSink done
Event: 7.194 Loading class java/util/stream/MatchOps$1MatchSink
Event: 7.194 Loading class java/util/stream/MatchOps$1MatchSink done
Event: 7.221 Loading class java/lang/TypeNotPresentException
Event: 7.221 Loading class java/lang/TypeNotPresentException done

Classes unloaded (0 events):
No events

Classes redefined (0 events):
No events

Internal exceptions (20 events):
Event: 4.508 Thread 0x0000022e69a65c80 Exception <a 'java/lang/NoSuchMethodError'{0x00000000ec795720}: 'java.lang.Object java.lang.invoke.DirectMethodHandle$Holder.invokeVirtual(java.lang.Object, java.lang.Object, java.lang.Object, java.lang.Object, java.lang.Object)'> (0x00000000ec795720) 
thrown [s\open\src\hotspot\share\interpreter\linkResolver.cpp, line 773]
Event: 4.511 Thread 0x0000022e69a65c80 Exception <a 'java/lang/NoSuchMethodError'{0x00000000ec7a86c0}: 'java.lang.Object java.lang.invoke.Invokers$Holder.invokeExact_MT(java.lang.Object, java.lang.Object, java.lang.Object, java.lang.Object, java.lang.Object, java.lang.Object)'> (0x00000000ec7a86c0) 
thrown [s\open\src\hotspot\share\interpreter\linkResolver.cpp, line 773]
Event: 4.531 Thread 0x0000022e69a65c80 Exception <a 'java/lang/NoSuchMethodError'{0x00000000ec637360}: 'java.lang.Object java.lang.invoke.DelegatingMethodHandle$Holder.reinvoke_L(java.lang.Object, java.lang.Object, java.lang.Object, java.lang.Object, java.lang.Object, java.lang.Object, java.lang.Object, java.lang.Object, java.lang.Object, java.lang.Object, java.lang.Object, java.lang.Object, java.lang.Object, java.lang.Object)'> (0x00000000ec637360) 
thrown [s\open\src\hotspot\share\interpreter\linkResolver.cpp, line 773]
Event: 4.537 Thread 0x0000022e69a65c80 Exception <a 'java/lang/NoSuchMethodError'{0x00000000ec6ef480}: 'java.lang.Object java.lang.invoke.DirectMethodHandle$Holder.invokeStatic(java.lang.Object, java.lang.Object, java.lang.Object, java.lang.Object, java.lang.Object, java.lang.Object, java.lang.Object, java.lang.Object, java.lang.Object, java.lang.Object, java.lang.Object, java.lang.Object, java.lang.Object)'> (0x00000000ec6ef480) 
thrown [s\open\src\hotspot\share\interpreter\linkResolver.cpp, line 773]
Event: 4.538 Thread 0x0000022e69a65c80 Exception <a 'java/lang/NoSuchMethodError'{0x00000000ec50ead8}: 'java.lang.Object java.lang.invoke.DirectMethodHandle$Holder.invokeStatic(java.lang.Object, java.lang.Object, java.lang.Object, java.lang.Object, java.lang.Object, java.lang.Object, java.lang.Object, java.lang.Object, java.lang.Object, java.lang.Object, java.lang.Object, java.lang.Object, java.lang.Object, java.lang.Object)'> (0x00000000ec50ead8) 
thrown [s\open\src\hotspot\share\interpreter\linkResolver.cpp, line 773]
Event: 4.540 Thread 0x0000022e69a65c80 Exception <a 'java/lang/NoSuchMethodError'{0x00000000ec52ec38}: 'java.lang.Object java.lang.invoke.DirectMethodHandle$Holder.invokeStatic(java.lang.Object, java.lang.Object, java.lang.Object, java.lang.Object, java.lang.Object, java.lang.Object, java.lang.Object, java.lang.Object, java.lang.Object, java.lang.Object, java.lang.Object, java.lang.Object, java.lang.Object, java.lang.Object, java.lang.Object)'> (0x00000000ec52ec38) 
thrown [s\open\src\hotspot\share\interpreter\linkResolver.cpp, line 773]
Event: 4.542 Thread 0x0000022e69a65c80 Exception <a 'java/lang/NoSuchMethodError'{0x00000000ec5512f8}: 'java.lang.Object java.lang.invoke.DirectMethodHandle$Holder.invokeStatic(java.lang.Object, java.lang.Object, java.lang.Object, java.lang.Object, java.lang.Object, java.lang.Object, java.lang.Object, java.lang.Object, java.lang.Object, java.lang.Object, java.lang.Object, java.lang.Object, java.lang.Object, java.lang.Object, java.lang.Object, java.lang.Object)'> (0x00000000ec5512f8) 
thrown [s\open\src\hotspot\share\interpreter\linkResolver.cpp
Event: 5.357 Thread 0x0000022e69a65c80 Exception <a 'java/lang/NoSuchMethodError'{0x00000000ec270500}: 'java.lang.Object java.lang.invoke.DirectMethodHandle$Holder.invokeVirtual(java.lang.Object, java.lang.Object, java.lang.Object, java.lang.Object, java.lang.Object, java.lang.Object, java.lang.Object)'> (0x00000000ec270500) 
thrown [s\open\src\hotspot\share\interpreter\linkResolver.cpp, line 773]
Event: 5.370 Thread 0x0000022e69a65c80 Exception <a 'java/lang/NoSuchMethodError'{0x00000000ec100e78}: 'java.lang.Object java.lang.invoke.DirectMethodHandle$Holder.invokeVirtual(java.lang.Object, java.lang.Object, java.lang.Object, java.lang.Object, java.lang.Object, java.lang.Object, java.lang.Object, java.lang.Object, java.lang.Object)'> (0x00000000ec100e78) 
thrown [s\open\src\hotspot\share\interpreter\linkResolver.cpp, line 773]
Event: 5.534 Thread 0x0000022e69a65c80 Exception <a 'java/lang/NoSuchMethodError'{0x00000000ec0a3ba8}: 'java.lang.Object java.lang.invoke.DirectMethodHandle$Holder.invokeStaticInit(java.lang.Object, int, int, int, int)'> (0x00000000ec0a3ba8) 
thrown [s\open\src\hotspot\share\interpreter\linkResolver.cpp, line 773]
Event: 5.684 Thread 0x0000022e69a65c80 Exception <a 'java/lang/NoSuchMethodError'{0x00000000ebf79638}: 'java.lang.Object java.lang.invoke.DirectMethodHandle$Holder.invokeStaticInit(java.lang.Object, java.lang.Object, int, int, int, int)'> (0x00000000ebf79638) 
thrown [s\open\src\hotspot\share\interpreter\linkResolver.cpp, line 773]
Event: 5.822 Thread 0x0000022e69a65c80 Exception <a 'java/io/IOException'{0x00000000ebc185e8}> (0x00000000ebc185e8) 
thrown [s\open\src\hotspot\share\prims\jni.cpp, line 520]
Event: 5.832 Thread 0x0000022e69a65c80 Implicit null exception at 0x0000022e07b2b9a4 to 0x0000022e07b2c008
Event: 5.883 Thread 0x0000022e69a65c80 Exception <a 'java/lang/NoSuchMethodError'{0x00000000eff030b8}: 'java.lang.Object java.lang.invoke.DirectMethodHandle$Holder.newInvokeSpecial(java.lang.Object, java.lang.Object, java.lang.Object, java.lang.Object, java.lang.Object)'> (0x00000000eff030b8) 
thrown [s\open\src\hotspot\share\interpreter\linkResolver.cpp, line 773]
Event: 6.083 Thread 0x0000022e7c627b00 Exception <a 'java/lang/NoSuchMethodError'{0x00000000efdda1d8}: 'void java.lang.invoke.DirectMethodHandle$Holder.invokeSpecial(java.lang.Object, java.lang.Object, java.lang.Object)'> (0x00000000efdda1d8) 
thrown [s\open\src\hotspot\share\interpreter\linkResolver.cpp, line 773]
Event: 6.244 Thread 0x0000022e7c19fd20 Exception <a 'java/lang/NoSuchMethodError'{0x00000000ef620af8}: 'long java.lang.invoke.DirectMethodHandle$Holder.invokeInterface(java.lang.Object, java.lang.Object)'> (0x00000000ef620af8) 
thrown [s\open\src\hotspot\share\interpreter\linkResolver.cpp, line 773]
Event: 6.580 Thread 0x0000022e7c19fd20 Exception <a 'java/lang/NoSuchMethodError'{0x00000000ef281a38}: 'void java.lang.invoke.DirectMethodHandle$Holder.invokeStatic(java.lang.Object, java.lang.Object)'> (0x00000000ef281a38) 
thrown [s\open\src\hotspot\share\interpreter\linkResolver.cpp, line 773]
Event: 6.818 Thread 0x0000022e7c19fd20 Exception <a 'java/lang/NoSuchMethodError'{0x00000000ef2c6a18}: 'java.lang.Object java.lang.invoke.DirectMethodHandle$Holder.invokeVirtual(java.lang.Object, java.lang.Object, java.lang.Object, java.lang.Object, java.lang.Object, java.lang.Object, java.lang.Object, java.lang.Object, java.lang.Object, java.lang.Object, java.lang.Object, java.lang.Object)'> (0x00000000ef2c6a18) 
thrown [s\open\src\hotspot\share\interpreter\linkResolver.cpp, line 773]
Event: 6.818 Thread 0x0000022e7c19fd20 Exception <a 'java/lang/NoSuchMethodError'{0x00000000ef2cba98}: 'java.lang.Object java.lang.invoke.DirectMethodHandle$Holder.invokeSpecial(java.lang.Object, java.lang.Object, java.lang.Object, java.lang.Object, java.lang.Object, java.lang.Object, java.lang.Object, java.lang.Object, java.lang.Object, java.lang.Object, java.lang.Object, java.lang.Object, java.lang.Object)'> (0x00000000ef2cba98) 
thrown [s\open\src\hotspot\share\interpreter\linkResolver.cpp, line 773]
Event: 7.198 Thread 0x0000022e7c19fd20 Exception <a 'java/lang/NoSuchMethodError'{0x00000000ef0d7268}: 'int java.lang.invoke.DirectMethodHandle$Holder.invokeVirtual(java.lang.Object, java.lang.Object, java.lang.Object)'> (0x00000000ef0d7268) 
thrown [s\open\src\hotspot\share\interpreter\linkResolver.cpp, line 773]

ZGC Phase Switch (0 events):
No events

VM Operations (20 events):
Event: 4.524 Executing VM operation: HandshakeAllThreads (Deoptimize)
Event: 4.524 Executing VM operation: HandshakeAllThreads (Deoptimize) done
Event: 4.563 Executing VM operation: HandshakeAllThreads (Deoptimize)
Event: 4.563 Executing VM operation: HandshakeAllThreads (Deoptimize) done
Event: 5.325 Executing VM operation: HandshakeAllThreads (Deoptimize)
Event: 5.325 Executing VM operation: HandshakeAllThreads (Deoptimize) done
Event: 5.325 Executing VM operation: Cleanup
Event: 5.325 Executing VM operation: Cleanup done
Event: 5.354 Executing VM operation: HandshakeAllThreads (Deoptimize)
Event: 5.354 Executing VM operation: HandshakeAllThreads (Deoptimize) done
Event: 5.461 Executing VM operation: HandshakeAllThreads (Deoptimize)
Event: 5.461 Executing VM operation: HandshakeAllThreads (Deoptimize) done
Event: 5.674 Executing VM operation: HandshakeAllThreads (Deoptimize)
Event: 5.674 Executing VM operation: HandshakeAllThreads (Deoptimize) done
Event: 5.841 Executing VM operation: G1CollectForAllocation (G1 Evacuation Pause)
Event: 5.883 Executing VM operation: G1CollectForAllocation (G1 Evacuation Pause) done
Event: 5.892 Executing VM operation: HandshakeAllThreads (Deoptimize)
Event: 5.893 Executing VM operation: HandshakeAllThreads (Deoptimize) done
Event: 6.899 Executing VM operation: Cleanup
Event: 6.899 Executing VM operation: Cleanup done

Events (20 events):
Event: 0.046 Thread 0x0000022e7c00c7d0 Thread added: 0x0000022e7c00c7d0
Event: 0.046 Thread 0x0000022e7c0135f0 Thread added: 0x0000022e7c0135f0
Event: 0.064 Thread 0x0000022e7c0d4120 Thread added: 0x0000022e7c0d4120
Event: 0.166 Thread 0x0000022e7c1fb3d0 Thread added: 0x0000022e7c1fb3d0
Event: 1.272 Thread 0x0000022e7c3d4540 Thread added: 0x0000022e7c3d4540
Event: 1.272 Thread 0x0000022e7c3d4be0 Thread added: 0x0000022e7c3d4be0
Event: 2.059 Thread 0x0000022e7c3d4be0 Thread exited: 0x0000022e7c3d4be0
Event: 2.059 Thread 0x0000022e7c3d4540 Thread exited: 0x0000022e7c3d4540
Event: 2.346 Thread 0x0000022e7cbfe4d0 Thread added: 0x0000022e7cbfe4d0
Event: 3.003 Thread 0x0000022e7cbfe4d0 Thread exited: 0x0000022e7cbfe4d0
Event: 4.525 Thread 0x0000022e7d9deef0 Thread added: 0x0000022e7d9deef0
Event: 5.701 Thread 0x0000022e7cfc0630 Thread added: 0x0000022e7cfc0630
Event: 5.892 Thread 0x0000022e7c0bdb50 Thread added: 0x0000022e7c0bdb50
Event: 5.969 Thread 0x0000022e7c627b00 Thread added: 0x0000022e7c627b00
Event: 5.978 Thread 0x0000022e7c0b46c0 Thread added: 0x0000022e7c0b46c0
Event: 6.075 Thread 0x0000022e7c5100e0 Thread added: 0x0000022e7c5100e0
Event: 6.083 Thread 0x0000022e7c19fd20 Thread added: 0x0000022e7c19fd20
Event: 6.125 Thread 0x0000022e7c1c58c0 Thread added: 0x0000022e7c1c58c0
Event: 6.131 Thread 0x0000022e7c19dec0 Thread added: 0x0000022e7c19dec0
Event: 6.139 Thread 0x0000022e7c19c480 Thread added: 0x0000022e7c19c480


Dynamic libraries:
0x00007ff6c9570000 - 0x00007ff6c9580000 	C:\Program Files\Java\jdk-21\bin\java.exe
0x00007ffb8b180000 - 0x00007ffb8b3e7000 	C:\WINDOWS\SYSTEM32\ntdll.dll
0x00007ffb8b070000 - 0x00007ffb8b139000 	C:\WINDOWS\System32\KERNEL32.DLL
0x00007ffb88b20000 - 0x00007ffb88f0f000 	C:\WINDOWS\System32\KERNELBASE.dll
0x00007ffb889d0000 - 0x00007ffb88b1b000 	C:\WINDOWS\System32\ucrtbase.dll
0x00007ffb80ec0000 - 0x00007ffb80edb000 	C:\Program Files\Java\jdk-21\bin\VCRUNTIME140.dll
0x00007ffb84e00000 - 0x00007ffb84e19000 	C:\Program Files\Java\jdk-21\bin\jli.dll
0x00007ffb8ab70000 - 0x00007ffb8ac24000 	C:\WINDOWS\System32\ADVAPI32.dll
0x00007ffb8a560000 - 0x00007ffb8a609000 	C:\WINDOWS\System32\msvcrt.dll
0x00007ffb89060000 - 0x00007ffb89106000 	C:\WINDOWS\System32\sechost.dll
0x00007ffb8ac80000 - 0x00007ffb8ad98000 	C:\WINDOWS\System32\RPCRT4.dll
0x00007ffb89b70000 - 0x00007ffb89d35000 	C:\WINDOWS\System32\USER32.dll
0x00007ffb88440000 - 0x00007ffb88467000 	C:\WINDOWS\System32\win32u.dll
0x00007ffb8a9d0000 - 0x00007ffb8a9fb000 	C:\WINDOWS\System32\GDI32.dll
0x00007ffb88740000 - 0x00007ffb8886c000 	C:\WINDOWS\System32\gdi32full.dll
0x00007ffb64780000 - 0x00007ffb64a13000 	C:\WINDOWS\WinSxS\amd64_microsoft.windows.common-controls_6595b64144ccf1df_6.0.26100.7309_none_3e05feeae336a044\COMCTL32.dll
0x00007ffb88870000 - 0x00007ffb88913000 	C:\WINDOWS\System32\msvcp_win.dll
0x00007ffb80b40000 - 0x00007ffb80b4b000 	C:\WINDOWS\SYSTEM32\VERSION.dll
0x00007ffb8ae50000 - 0x00007ffb8ae81000 	C:\WINDOWS\System32\IMM32.DLL
0x00007ffb84e60000 - 0x00007ffb84e6c000 	C:\Program Files\Java\jdk-21\bin\vcruntime140_1.dll
0x00007ffb7bd40000 - 0x00007ffb7bdce000 	C:\Program Files\Java\jdk-21\bin\msvcp140.dll
0x00007ffb304f0000 - 0x00007ffb31208000 	C:\Program Files\Java\jdk-21\bin\server\jvm.dll
0x00007ffb88fe0000 - 0x00007ffb89054000 	C:\WINDOWS\System32\WS2_32.dll
0x00007ffb86ea0000 - 0x00007ffb86efe000 	C:\WINDOWS\SYSTEM32\POWRPROF.dll
0x00007ffb76b60000 - 0x00007ffb76b95000 	C:\WINDOWS\SYSTEM32\WINMM.dll
0x00007ffb86e80000 - 0x00007ffb86e94000 	C:\WINDOWS\SYSTEM32\UMPDC.dll
0x00007ffb870c0000 - 0x00007ffb870db000 	C:\WINDOWS\SYSTEM32\kernel.appcore.dll
0x00007ffb7de10000 - 0x00007ffb7de1a000 	C:\Program Files\Java\jdk-21\bin\jimage.dll
0x00007ffb85a00000 - 0x00007ffb85c42000 	C:\WINDOWS\SYSTEM32\DBGHELP.DLL
0x00007ffb89350000 - 0x00007ffb896d5000 	C:\WINDOWS\System32\combase.dll
0x00007ffb8a8f0000 - 0x00007ffb8a9c6000 	C:\WINDOWS\System32\OLEAUT32.dll
0x00007ffb5e690000 - 0x00007ffb5e6cc000 	C:\WINDOWS\SYSTEM32\dbgcore.DLL
0x00007ffb88920000 - 0x00007ffb889c5000 	C:\WINDOWS\System32\bcryptPrimitives.dll
0x00007ffb7d7e0000 - 0x00007ffb7d7ef000 	C:\Program Files\Java\jdk-21\bin\instrument.dll
0x00007ffb7bd20000 - 0x00007ffb7bd3f000 	C:\Program Files\Java\jdk-21\bin\java.dll
0x00007ffb89d40000 - 0x00007ffb8a493000 	C:\WINDOWS\System32\SHELL32.dll
0x00007ffb882d0000 - 0x00007ffb8843a000 	C:\WINDOWS\System32\wintypes.dll
0x00007ffb85eb0000 - 0x00007ffb8670e000 	C:\WINDOWS\SYSTEM32\windows.storage.dll
0x00007ffb8a6f0000 - 0x00007ffb8a7e5000 	C:\WINDOWS\System32\SHCORE.dll
0x00007ffb88f70000 - 0x00007ffb88fd6000 	C:\WINDOWS\System32\shlwapi.dll
0x00007ffb881f0000 - 0x00007ffb88219000 	C:\WINDOWS\SYSTEM32\profapi.dll
0x00007ffaeba00000 - 0x00007ffaebad7000 	C:\Program Files\Java\jdk-21\bin\jsvml.dll
0x00007ffb7bc20000 - 0x00007ffb7bc38000 	C:\Program Files\Java\jdk-21\bin\zip.dll
0x00007ffb7d550000 - 0x00007ffb7d560000 	C:\Program Files\Java\jdk-21\bin\net.dll
0x00007ffb80890000 - 0x00007ffb809b8000 	C:\WINDOWS\SYSTEM32\WINHTTP.dll
0x00007ffb876b0000 - 0x00007ffb8771b000 	C:\WINDOWS\system32\mswsock.dll
0x00007ffb7bc00000 - 0x00007ffb7bc16000 	C:\Program Files\Java\jdk-21\bin\nio.dll
0x00007ffb7c310000 - 0x00007ffb7c320000 	C:\Program Files\Java\jdk-21\bin\verify.dll
0x00007ffb7c660000 - 0x00007ffb7c687000 	C:\Users\user\.gradle\native\1def1411415f61bf3af743bc5b6707747c0891f09f0c88961ee8f79bc544acac\windows-amd64\native-platform.dll
0x00007ffacd690000 - 0x00007ffacd708000 	C:\Users\user\.gradle\native\0.2.7\x86_64-windows-gnu\gradle-fileevents.dll
0x00007ffb7c2b0000 - 0x00007ffb7c2ba000 	C:\Program Files\Java\jdk-21\bin\management.dll
0x00007ffb7bf60000 - 0x00007ffb7bf6b000 	C:\Program Files\Java\jdk-21\bin\management_ext.dll
0x00007ffb8ae40000 - 0x00007ffb8ae48000 	C:\WINDOWS\System32\PSAPI.DLL
0x00007ffb86c10000 - 0x00007ffb86c44000 	C:\WINDOWS\SYSTEM32\IPHLPAPI.DLL
0x00007ffb8ae30000 - 0x00007ffb8ae3a000 	C:\WINDOWS\System32\NSI.dll
0x00007ffb7bb70000 - 0x00007ffb7bb79000 	C:\Program Files\Java\jdk-21\bin\extnet.dll
0x00007ffb87aa0000 - 0x00007ffb87abb000 	C:\WINDOWS\SYSTEM32\CRYPTSP.dll
0x00007ffb870e0000 - 0x00007ffb8711a000 	C:\WINDOWS\system32\rsaenh.dll
0x00007ffb87760000 - 0x00007ffb8778b000 	C:\WINDOWS\SYSTEM32\USERENV.dll
0x00007ffb881c0000 - 0x00007ffb881ea000 	C:\WINDOWS\SYSTEM32\bcrypt.dll
0x00007ffb87900000 - 0x00007ffb8790c000 	C:\WINDOWS\SYSTEM32\CRYPTBASE.dll
0x00007ffb7bb60000 - 0x00007ffb7bb6e000 	C:\Program Files\Java\jdk-21\bin\sunmscapi.dll
0x00007ffb88470000 - 0x00007ffb885e7000 	C:\WINDOWS\System32\CRYPT32.dll
0x00007ffb87bf0000 - 0x00007ffb87c20000 	C:\WINDOWS\SYSTEM32\ncrypt.dll
0x00007ffb87ba0000 - 0x00007ffb87bdf000 	C:\WINDOWS\SYSTEM32\NTASN1.dll
0x00007ffb4a410000 - 0x00007ffb4a418000 	C:\WINDOWS\system32\wshunix.dll

dbghelp: loaded successfully - version: 4.0.5 - missing functions: none
symbol engine: initialized successfully - sym options: 0x614 - pdb path: .;C:\Program Files\Java\jdk-21\bin;C:\WINDOWS\SYSTEM32;C:\WINDOWS\WinSxS\amd64_microsoft.windows.common-controls_6595b64144ccf1df_6.0.26100.7309_none_3e05feeae336a044;C:\Program Files\Java\jdk-21\bin\server;C:\Users\user\.gradle\native\1def1411415f61bf3af743bc5b6707747c0891f09f0c88961ee8f79bc544acac\windows-amd64;C:\Users\user\.gradle\native\0.2.7\x86_64-windows-gnu

VM Arguments:
jvm_args: --add-opens=java.base/java.lang=ALL-UNNAMED --add-opens=java.base/java.lang.invoke=ALL-UNNAMED --add-opens=java.base/java.util=ALL-UNNAMED --add-opens=java.prefs/java.util.prefs=ALL-UNNAMED --add-exports=jdk.compiler/com.sun.tools.javac.api=ALL-UNNAMED --add-exports=jdk.compiler/com.sun.tools.javac.util=ALL-UNNAMED --add-opens=java.base/java.util=ALL-UNNAMED --add-opens=java.prefs/java.util.prefs=ALL-UNNAMED --add-opens=java.base/java.nio.charset=ALL-UNNAMED --add-opens=java.base/java.net=ALL-UNNAMED --add-opens=java.base/java.util.concurrent.atomic=ALL-UNNAMED --add-opens=java.xml/javax.xml.namespace=ALL-UNNAMED -XX:MaxMetaspaceSize=384m -XX:+HeapDumpOnOutOfMemoryError -Xms256m -Xmx512m -Dfile.encoding=UTF-8 -Duser.country=US -Duser.language=en -Duser.variant -javaagent:C:\Users\user\.gradle\wrapper\dists\gradle-8.14.3-bin\cv11ve7ro1n3o1j4so8xd9n66\gradle-8.14.3\lib\agents\gradle-instrumentation-agent-8.14.3.jar 
java_command: org.gradle.launcher.daemon.bootstrap.GradleDaemon 8.14.3
java_class_path (initial): C:\Users\user\.gradle\wrapper\dists\gradle-8.14.3-bin\cv11ve7ro1n3o1j4so8xd9n66\gradle-8.14.3\lib\gradle-daemon-main-8.14.3.jar
Launcher Type: SUN_STANDARD

[Global flags]
     intx CICompilerCount                          = 4                                         {product} {ergonomic}
   size_t CompressedClassSpaceSize                 = 335544320                                 {product} {ergonomic}
     uint ConcGCThreads                            = 3                                         {product} {ergonomic}
     uint G1ConcRefinementThreads                  = 10                                        {product} {ergonomic}
   size_t G1HeapRegionSize                         = 1048576                                   {product} {ergonomic}
    uintx GCDrainStackTargetSize                   = 64                                        {product} {ergonomic}
     bool HeapDumpOnOutOfMemoryError               = true                                   {manageable} {command line}
   size_t InitialHeapSize                          = 268435456                                 {product} {command line}
   size_t MarkStackSize                            = 4194304                                   {product} {ergonomic}
   size_t MaxHeapSize                              = 536870912                                 {product} {command line}
   size_t MaxMetaspaceSize                         = 402653184                                 {product} {command line}
   size_t MaxNewSize                               = 321912832                                 {product} {ergonomic}
   size_t MinHeapDeltaBytes                        = 1048576                                   {product} {ergonomic}
   size_t MinHeapSize                              = 268435456                                 {product} {command line}
    uintx NonNMethodCodeHeapSize                   = 5839372                                {pd product} {ergonomic}
    uintx NonProfiledCodeHeapSize                  = 122909434                              {pd product} {ergonomic}
    uintx ProfiledCodeHeapSize                     = 122909434                              {pd product} {ergonomic}
    uintx ReservedCodeCacheSize                    = 251658240                              {pd product} {ergonomic}
     bool SegmentedCodeCache                       = true                                      {product} {ergonomic}
   size_t SoftMaxHeapSize                          = 536870912                              {manageable} {ergonomic}
     bool UseCompressedOops                        = true                           {product lp64_product} {ergonomic}
     bool UseG1GC                                  = true                                      {product} {ergonomic}
     bool UseLargePagesIndividualAllocation        = false                                  {pd product} {ergonomic}

Logging:
Log output configuration:
 #0: stdout all=warning uptime,level,tags foldmultilines=false
 #1: stderr all=off uptime,level,tags foldmultilines=false

Environment Variables:
JAVA_HOME=C:\Program Files\Java\jdk-21
PATH=C:\Program Files\Common Files\Oracle\Java\javapath;C:\WINDOWS\system32;C:\WINDOWS;C:\WINDOWS\System32\Wbem;C:\WINDOWS\System32\WindowsPowerShell\v1.0\;C:\WINDOWS\System32\OpenSSH\;C:\Program Files\Git\cmd;C:\Program Files\Java\jdk-21\bin;C:\Program Files\NVIDIA Corporation\NVIDIA app\NvDLISR;C:\Program Files (x86)\NVIDIA Corporation\PhysX\Common;;C:\Program Files\Docker\Docker\resources\bin;C:\Program Files\Common Files\Oracle\Java\javapath;C:\WINDOWS\system32;C:\WINDOWS;C:\WINDOWS\System32\Wbem;C:\WINDOWS\System32\WindowsPowerShell\v1.0\;C:\WINDOWS\System32\OpenSSH\;C:\Program Files\Git\cmd;C:\Program Files\Java\jdk-21\bin;;C:\Program Files\NVIDIA Corporation\NVIDIA app\NvDLISR;C:\Program Files (x86)\NVIDIA Corporation\PhysX\Common;C:\Users\user\AppData\Local\Microsoft\WindowsApps;C:\Users\user\AppData\Local\Programs\Microsoft VS Code\bin;C:\Users\user\AppData\Local\GitHubDesktop\bin;C:\Program Files\PostgreSQL\17\bin;C:\Program Files\JetBrains\IntelliJ IDEA 2025.1.3\bin;
USERNAME=user
OS=Windows_NT
PROCESSOR_IDENTIFIER=Intel64 Family 6 Model 186 Stepping 2, GenuineIntel
TMP=C:\Users\user\AppData\Local\Temp
TEMP=C:\Users\user\AppData\Local\Temp




Periodic native trim disabled

---------------  S Y S T E M  ---------------

OS:
 Windows 11 , 64 bit Build 26100 (10.0.26100.7309)
OS uptime: 1 days 11:20 hours
Hyper-V role detected

CPU: total 12 (initial active 12) (6 cores per cpu, 2 threads per core) family 6 model 186 stepping 2 microcode 0x5103, cx8, cmov, fxsr, ht, mmx, 3dnowpref, sse, sse2, sse3, ssse3, sse4.1, sse4.2, popcnt, lzcnt, tsc, tscinvbit, avx, avx2, aes, erms, clmul, bmi1, bmi2, adx, sha, fma, vzeroupper, clflush, clflushopt, clwb, hv, serialize, rdtscp, rdpid, fsrm, f16c, cet_ibt, cet_ss
Processor Information for all 12 processors :
  Max Mhz: 2100, Current Mhz: 2100, Mhz Limit: 2100

Memory: 4k page, system-wide physical 16087M (1674M free)
TotalPageFile size 30136M (AvailPageFile size 2151M)
current process WorkingSet (physical memory assigned to process): 169M, peak: 169M
current process commit charge ("private bytes"): 388M, peak: 388M

vm_info: Java HotSpot(TM) 64-Bit Server VM (21.0.5+9-LTS-239) for windows-amd64 JRE (21.0.5+9-LTS-239), built on 2024-09-30T05:17:38Z by "mach5one" with MS VC++ 17.6 (VS2022)

END.
